{"stat.chestOpened":22,"stat.walkOneCm":144149,"stat.useItem.minecraft.bread":4,"stat.pickup.minecraft.bone":3,"stat.pickup.minecraft.stick":1,"stat.leaveGame":2,"stat.pickup.minecraft.crafting_table":1,"stat.craftItem.minecraft.crafting_table":1,"stat.pickup.iceandfire.dragon_skull":2,"stat.pickup.minecraft.gold_nugget":596,"stat.pickup.minecraft.dark_oak_boat":2,"stat.jump":531,"stat.swimOneCm":9596,"stat.fallOneCm":10436,"stat.useItem.minecraft.planks":2,"stat.useItem.minecraft.dark_oak_boat":1,"stat.pickup.minecraft.carrot":27,"stat.craftItem.minecraft.bread":4,"stat.sprintOneCm":81339,"stat.useItem.minecraft.stone_slab2":4,"stat.craftingTableInteraction":3,"stat.useItem.spartanweaponry.mace_iron":19,"stat.mineBlock.iceandfire.ash":2,"stat.boatOneCm":13809,"stat.mineBlock.iceandfire.goldpile":124,"stat.craftItem.minecraft.planks":12,"stat.drop.iceandfire.ash":2,"stat.mineBlock.minecraft.log2":3,"stat.mineBlock.minecraft.crafting_table":1,"stat.damageTaken":290,"stat.pickup.iceandfire.chared_cobblestone":3,"stat.pickup.iceandfire.chain_link":5,"stat.useItem.minecraft.carrot":3,"stat.pickup.minecraft.emerald":2,"stat.pickup.minecraft.book":1,"stat.pickup.minecraft.log2":3,"stat.craftItem.minecraft.dark_oak_boat":1,"stat.pickup.iceandfire.dragonbone":17,"stat.flyOneCm":49476,"stat.pickup.minecraft.bed":1,"stat.pickup.minecraft.wheat_seeds":41,"stat.drop":2,"stat.pickup.iceandfire.ash":3,"stat.playOneMinute":7545,"stat.pickup.minecraft.cactus":1,"stat.sneakTime":1,"stat.damageDealt":5,"stat.pickup.minecraft.item_frame":1,"stat.timeSinceDeath":7545,"stat.pickup.iceandfire.chared_dirt":1,"stat.mineBlock.iceandfire.chared_dirt":1,"stat.mineBlock.minecraft.tallgrass":18,"stat.diveOneCm":8681,"stat.pickup.minecraft.wheat":21}