{"stat.pickup.minecraft.wooden_slab":1,"stat.useItem.iceandfire.fire_dragon_flesh":2,"stat.pickup.iceandfire.fire_dragon_flesh":2,"stat.leaveGame":8,"stat.mineBlock.ebwizardry.crystal_flower":9,"stat.drop.minecraft.shield":1,"stat.mineBlock.minecraft.sandstone":13,"stat.useItem.minecraft.planks":55,"stat.craftItem.minecraft.shield":1,"stat.mineBlock.minecraft.web":2,"stat.useItem.minecraft.nether_brick_stairs":2,"stat.pickup.minecraft.porkchop":14,"stat.pickup.minecraft.blaze_powder":2,"stat.mineBlock.minecraft.red_sandstone":7,"stat.useItem.minecraft.water_bucket":14,"stat.pickup.minecraft.rotten_flesh":17,"stat.mineBlock.minecraft.nether_brick_fence":1,"stat.pickup.minecraft.sand":28,"stat.craftItem.minecraft.stone_sword":1,"stat.entityKilledBy.firedragon":4,"stat.mineBlock.minecraft.sand":2,"stat.useItem.minecraft.iron_pickaxe":148,"stat.craftItem.minecraft.wooden_pickaxe":1,"stat.craftItem.minecraft.bed":1,"stat.furnaceInteraction":76,"stat.pickup.iceandfire.dragon_skull":2,"stat.pickup.minecraft.nether_brick":1,"stat.pickup.minecraft.beef":19,"stat.useItem.minecraft.cooked_mutton":10,"stat.pickup.minecraft.furnace":16,"stat.useItem.minecraft.red_sandstone":1,"stat.pickup.minecraft.hay_block":10,"stat.mineBlock.minecraft.end_bricks":1,"stat.mineBlock.minecraft.stained_hardened_clay":1,"stat.pickup.minecraft.acacia_door":3,"stat.useItem.minecraft.flint_and_steel":60,"stat.pickup.mospells.mospells_spell_book":1,"stat.deaths":31,"stat.playOneMinute":171128,"stat.craftItem.minecraft.iron_pickaxe":1,"stat.pickup.minecraft.iron_bars":3,"stat.craftItem.minecraft.cooked_mutton":9,"stat.mineBlock.minecraft.tallgrass":87,"stat.pickup.minecraft.netherrack":1,"stat.pickup.minecraft.cooked_mutton":1,"stat.chestOpened":40,"stat.recordPlayed":1,"stat.useItem.minecraft.stone":9,"stat.mineBlock.minecraft.netherrack":1,"stat.drop.minecraft.iron_pickaxe":1,"stat.fallOneCm":140852,"stat.drop.minecraft.stone":1,"stat.crouchOneCm":22961,"stat.craftItem.minecraft.iron_ingot":45,"stat.craftingTableInteraction":37,"stat.pickup.minecraft.nether_brick_fence":1,"stat.mineBlock.minecraft.log2":3,"stat.pickup.minecraft.planks":10,"stat.pickup.minecraft.wheat_seeds":17,"stat.mineBlock.minecraft.gravel":4,"stat.useItem.minecraft.stone_pickaxe":175,"stat.useItem.minecraft.stone_sword":89,"stat.craftItem.minecraft.iron_leggings":1,"stat.useItem.minecraft.wool":1,"stat.mineBlock.minecraft.dirt":10,"stat.useItem.minecraft.iron_bars":1,"stat.useItem.minecraft.torch":43,"stat.useItem.minecraft.bread":36,"stat.drop.minecraft.rotten_flesh":4,"stat.pickup.minecraft.crafting_table":13,"stat.useItem.minecraft.cobblestone":107,"stat.craftItem.minecraft.crafting_table":1,"stat.mineBlock.ebwizardry.crystal_ore":5,"stat.pickup.minecraft.log":20,"stat.useItem.minecraft.cooked_fish":1,"stat.pickup.minecraft.iron_pickaxe":1,"stat.craftItem.minecraft.gold_ingot":4,"stat.pickup.minecraft.sapling":2,"stat.craftItem.spartanshields.shield_tower_wood":1,"stat.craftItem.minecraft.bucket":1,"stat.mineBlock.iceandfire.goldpile":1,"stat.craftItem.minecraft.planks":92,"stat.useItem.minecraft.iron_sword":391,"stat.pickup.minecraft.book":15,"stat.mineBlock.minecraft.log":20,"stat.useItem.carryon.entity_item":1,"stat.pickup.iceandfire.dragonbone":12,"stat.pickup.minecraft.red_flower":2,"stat.sneakTime":6451,"stat.pickup.minecraft.wool":5,"stat.useItem.minecraft.wooden_axe":47,"stat.drop.minecraft.yellow_flower":2,"stat.pickup.minecraft.yellow_flower":2,"stat.drop.minecraft.stone_pickaxe":4,"stat.pickup.minecraft.bone":1,"stat.useItem.minecraft.iron_axe":12,"stat.mineBlock.minecraft.cobblestone":18,"stat.pickup.minecraft.stone_pickaxe":5,"stat.pickup.minecraft.flint":1,"stat.mineBlock.iceandfire.chared_stone":4,"stat.mineBlock.minecraft.yellow_flower":1,"stat.swimOneCm":86112,"stat.climbOneCm":711,"stat.pickup.minecraft.enchanted_book":1,"stat.entityKilledBy.ebwizardry:wizard":1,"stat.useItem.minecraft.dirt":3,"stat.drop.minecraft.quartz":6,"stat.useItem.minecraft.stone_slab2":101,"stat.craftItem.minecraft.furnace":1,"stat.craftItem.minecraft.iron_boots":2,"stat.useItem.minecraft.iron_ore":2,"stat.craftItem.minecraft.stone_pickaxe":2,"stat.craftItem.minecraft.cooked_beef":6,"stat.pickup.minecraft.cobblestone":137,"stat.mineBlock.minecraft.carpet":1,"stat.flyOneCm":804361,"stat.pickup.minecraft.soul_sand":1,"stat.pickup.minecraft.sandstone":22,"stat.pickup.minecraft.nether_brick_stairs":6,"stat.drop.minecraft.wheat_seeds":3,"stat.useItem.minecraft.cooked_beef":19,"stat.mineBlock.minecraft.iron_ore":65,"stat.timeSinceDeath":8608,"stat.pickup.minecraft.mutton":9,"stat.mineBlock.ebwizardry.arcane_workbench":4,"stat.pickup.ebwizardry.arcane_workbench":4,"stat.craftItem.ebwizardry.magic_crystal":12,"stat.pickup.travelersbackpack.travelers_backpack":3,"stat.pickup.minecraft.nether_wart":4,"stat.useItem.minecraft.cooked_porkchop":13,"stat.pickup.ebwizardry.magic_crystal":13,"stat.pickup.minecraft.carpet":1,"stat.mineBlock.minecraft.coal_ore":37,"tombstone:tomb_raiding":1,"stat.mineBlock.minecraft.nether_brick":2,"stat.pickup.minecraft.string":10,"stat.pickup.tombstone.crafting_ingredient":3,"stat.entityKilledBy.Skeleton":3,"stat.craftItem.minecraft.stone_slab2":0,"stat.useItem.minecraft.written_book":6,"stat.sprintOneCm":489577,"stat.craftItem.minecraft.stick":20,"stat.craftItem.minecraft.wooden_axe":1,"stat.pickup.mowziesmobs.barakoa_mask_fear":1,"stat.mineBlock.minecraft.crafting_table":14,"stat.mineBlock.minecraft.quartz_block":2,"stat.useItem.minecraft.bucket":21,"stat.useItem.spartanweaponry.staff_iron":78,"stat.mineBlock.minecraft.planks":9,"stat.drop":31,"stat.pickup.ebwizardry.ruined_spell_book":1,"stat.killEntity.Sheep":5,"stat.killEntity.Zombie":9,"stat.mineBlock.minecraft.gold_ore":4,"stat.diveOneCm":64137,"stat.drop.minecraft.nether_wart":2,"stat.pickup.iceandfire.dragonscales_bronze":19,"stat.pickup.minecraft.gravel":2,"stat.craftItem.minecraft.cooked_porkchop":13,"stat.useItem.minecraft.apple":5,"stat.useItem.minecraft.rotten_flesh":2,"stat.drop.minecraft.sandstone":6,"stat.jump":4435,"stat.useItem.minecraft.sand":32,"stat.pickup.minecraft.coal":156,"stat.pickup.minecraft.iron_ingot":14,"stat.useItem.minecraft.stone_axe":32,"stat.craftItem.minecraft.bread":30,"stat.pickup.iceandfire.chared_stone":4,"stat.craftItem.minecraft.torch":20,"stat.pickup.minecraft.dirt":9,"stat.craftItem.minecraft.iron_helmet":1,"stat.pickup.minecraft.iron_ore":82,"stat.mineBlock.minecraft.iron_bars":12,"stat.pickup.minecraft.gold_ore":4,"stat.craftItem.minecraft.flint_and_steel":1,"stat.pickup.minecraft.red_sandstone":4,"tombstone:sneak_grave":1,"stat.damageTaken":12867,"stat.pickup.minecraft.leather":20,"stat.mineBlock.minecraft.furnace":16,"stat.mineBlock.minecraft.torch":11,"stat.useItem.minecraft.wooden_pickaxe":49,"stat.useItem.minecraft.acacia_door":1,"stat.pickup.ebwizardry.crystal_flower":6,"stat.pickup.minecraft.log2":3,"stat.pickup.minecraft.bed":3,"tombstone:undead_killed":13,"stat.killEntity.hippogryph":1,"stat.useItem.tombstone.grave_key":15,"stat.damageDealt":11018,"stat.sleepInBed":1,"stat.mineBlock.minecraft.nether_brick_stairs":1,"stat.killEntity.Cow":9,"stat.killEntity.Pig":8,"stat.craftItem.minecraft.iron_sword":1,"stat.walkOneCm":611885,"stat.playerKills":3,"stat.useItem.minecraft.lava_bucket":6,"stat.useItem.ebwizardry.arcane_workbench":2,"stat.craftItem.minecraft.wheat":90,"stat.useItem.tombstone.gift":3,"stat.pickup.mowziesmobs.barako_mask":1,"stat.pickup.minecraft.stone":18,"stat.craftItem.minecraft.iron_chestplate":1,"stat.pickup.minecraft.cooked_beef":13,"stat.killEntity.Skeleton":4,"stat.mineBlock.minecraft.stonebrick":1,"stat.killEntity.Spider":2,"stat.mineBlock.minecraft.glowstone":1,"stat.mobKills":54,"stat.mineBlock.minecraft.bookshelf":5,"stat.pickup.minecraft.quartz":6,"stat.drop.minecraft.written_book":1,"stat.mineBlock.minecraft.leaves":9,"stat.pickup.minecraft.torch":14,"stat.killEntity.ebwizardry:remnant":1,"stat.killEntity.firedragon":1,"stat.mineBlock.minecraft.hay_block":10,"stat.mineBlock.minecraft.stone":150,"stat.useItem.minecraft.sandstone":11,"stat.craftItem.spartanshields.shield_tower_iron":1}