{"stat.drop.minecraft.wooden_pickaxe":1,"stat.pickup.minecraft.gravel":1,"stat.leaveGame":4,"stat.pickup.minecraft.flint":1,"stat.mineBlock.minecraft.yellow_flower":1,"stat.drop.minecraft.flint":1,"stat.useItem.minecraft.mutton":1,"stat.swimOneCm":3301,"stat.jump":705,"stat.fallOneCm":28159,"stat.useItem.minecraft.planks":3,"stat.crouchOneCm":1315,"stat.entityKilledBy.mutantbeasts.mutant_zombie":1,"stat.useItem.minecraft.dirt":10,"stat.pickup.minecraft.dirt":26,"stat.useItem.minecraft.stone_slab2":40,"stat.craftingTableInteraction":2,"stat.pickup.minecraft.sand":1,"stat.useItem.minecraft.egg":1,"stat.damageTaken":935,"stat.mineBlock.minecraft.red_flower":1,"stat.useItem.minecraft.wooden_pickaxe":6,"stat.pickup.minecraft.cobblestone":6,"stat.flyOneCm":200434,"tombstone:undead_killed":2,"stat.pickup.minecraft.wheat_seeds":1,"stat.mineBlock.minecraft.sand":1,"stat.drop.minecraft.wheat_seeds":1,"stat.mineBlock.minecraft.gravel":2,"stat.damageDealt":602,"stat.timeSinceDeath":17062,"stat.mineBlock.minecraft.dirt":26,"stat.craftItem.minecraft.wooden_pickaxe":1,"stat.pickup.minecraft.mutton":1,"stat.walkOneCm":46656,"stat.useItem.minecraft.cobblestone":5,"stat.craftItem.minecraft.crafting_table":1,"stat.drop.minecraft.dirt":4,"stat.drop.minecraft.red_flower":2,"stat.pickup.minecraft.log":4,"stat.useItem.tombstone.gift":1,"stat.pickup.tombstone.crafting_ingredient":1,"stat.useItem.minecraft.written_book":4,"stat.sprintOneCm":104397,"stat.craftItem.minecraft.stick":8,"stat.craftItem.minecraft.planks":16,"stat.mobKills":3,"stat.mineBlock.minecraft.log":4,"stat.drop.minecraft.written_book":1,"stat.deaths":9,"stat.drop":9,"stat.pickup.minecraft.egg":1,"stat.playOneMinute":40889,"stat.killEntity.Sheep":1,"stat.drop.tombstone.grave_key":2,"stat.pickup.minecraft.red_flower":2,"stat.sneakTime":254,"stat.pickup.minecraft.wool":1,"stat.killEntity.Zombie":2,"stat.pickup.minecraft.yellow_flower":1,"stat.mineBlock.minecraft.stone":6,"stat.mineBlock.minecraft.tallgrass":10,"stat.diveOneCm":8471}