{"stat.leaveGame":11,"stat.mineBlock.ebwizardry.crystal_flower":25,"stat.craftItem.minecraft.iron_axe":1,"stat.pickup.ebwizardry.spell_book":2,"stat.pickup.minecraft.porkchop":67,"stat.mineBlock.ebwizardry.oak_bookshelf":7,"stat.pickup.minecraft.glass":15,"stat.pickup.ebwizardry.gilded_wood":2,"stat.pickup.minecraft.rotten_flesh":31,"stat.pickup.minecraft.sand":126,"stat.craftItem.minecraft.stone_axe":1,"stat.killEntity.Enderman":3,"stat.entityKilledBy.firedragon":6,"stat.mineBlock.minecraft.sand":123,"stat.killEntity.Witch":1,"stat.useItem.tombstone.easter_egg":1,"stat.craftItem.spartanshields.shield_basic_wood":1,"stat.useItem.minecraft.iron_pickaxe":749,"stat.craftItem.minecraft.wooden_pickaxe":1,"stat.furnaceInteraction":72,"stat.pickup.iceandfire.dragon_skull":1,"stat.pickup.minecraft.beef":28,"stat.pickup.minecraft.furnace":6,"stat.craftItem.travelersbackpack.travelers_backpack":1,"stat.useItem.minecraft.stone_stairs":97,"stat.entityKilledBy.mutantbeasts.mutant_skeleton":1,"stat.pickup.minecraft.stone_stairs":11,"stat.pickup.futuremc.lily_of_the_valley":1,"stat.pickup.tombstone.easter_egg":1,"stat.pickup.minecraft.emerald":1,"stat.deaths":9,"stat.playOneMinute":168976,"stat.craftItem.minecraft.iron_pickaxe":3,"stat.drop.minecraft.torch":1,"stat.mineBlock.minecraft.tallgrass":15,"stat.craftItem.minecraft.cooked_mutton":5,"stat.pickup.minecraft.cooked_mutton":5,"stat.chestOpened":54,"stat.useItem.minecraft.stone":31,"stat.pickup.minecraft.arrow":14,"stat.craftItem.minecraft.coal":1,"stat.drop.minecraft.iron_pickaxe":1,"stat.fallOneCm":86380,"stat.crouchOneCm":23297,"stat.mineBlock.minecraft.chest":4,"stat.craftItem.minecraft.chest":4,"stat.craftItem.minecraft.iron_ingot":114,"stat.mineBlock.ebwizardry.gilded_wood":2,"stat.mineBlock.futuremc.lily_of_the_valley":1,"stat.craftingTableInteraction":35,"stat.pickup.iceandfire.silver_ore":2,"stat.useItem.minecraft.furnace":2,"stat.pickup.minecraft.dye":98,"stat.pickup.minecraft.planks":80,"stat.pickup.minecraft.iron_leggings":1,"stat.pickup.minecraft.wheat_seeds":5,"stat.pickup.ebwizardry.storage_upgrade":1,"stat.mineBlock.minecraft.gravel":2,"stat.useItem.minecraft.stone_pickaxe":393,"stat.craftItem.minecraft.iron_leggings":2,"stat.mineBlock.minecraft.dirt":29,"stat.useItem.minecraft.torch":101,"stat.mineBlock.iceandfire.silver_ore":3,"stat.drop.minecraft.rotten_flesh":22,"stat.craftItem.minecraft.stone_stairs":108,"stat.pickup.minecraft.crafting_table":3,"stat.useItem.minecraft.cobblestone":45,"stat.craftItem.minecraft.crafting_table":1,"stat.useItem.minecraft.gravel":2,"stat.mineBlock.ebwizardry.crystal_ore":48,"stat.mineBlock.minecraft.emerald_ore":2,"stat.pickup.minecraft.log":48,"stat.pickup.minecraft.iron_pickaxe":1,"stat.craftItem.minecraft.gold_ingot":16,"stat.pickup.minecraft.sapling":2,"stat.pickup.minecraft.apple":1,"stat.craftItem.minecraft.planks":188,"stat.mineBlock.minecraft.log":48,"stat.pickup.iceandfire.dragonbone":9,"stat.pickup.minecraft.red_flower":4,"stat.sneakTime":5110,"stat.pickup.minecraft.wool":3,"stat.useItem.minecraft.wooden_axe":31,"stat.pickup.minecraft.yellow_flower":1,"stat.pickup.minecraft.chest":4,"stat.pickup.minecraft.bone":13,"stat.useItem.minecraft.iron_axe":255,"stat.craftItem.minecraft.wool":2,"stat.swimOneCm":84917,"stat.climbOneCm":96,"stat.useItem.minecraft.dirt":10,"stat.useItem.minecraft.stone_slab2":41,"stat.craftItem.minecraft.furnace":4,"stat.craftItem.spartanshields.shield_basic_iron":1,"stat.craftItem.minecraft.iron_boots":1,"stat.craftItem.minecraft.stone_pickaxe":3,"stat.craftItem.minecraft.cooked_beef":11,"stat.pickup.minecraft.cobblestone":1107,"stat.useItem.minecraft.stone_shovel":124,"stat.flyOneCm":613464,"stat.pickup.minecraft.glass_bottle":2,"stat.drop.minecraft.wheat_seeds":1,"stat.useItem.minecraft.cooked_beef":7,"stat.pickup.minecraft.cactus":12,"stat.pickup.minecraft.redstone":298,"stat.mineBlock.minecraft.iron_ore":156,"stat.timeSinceDeath":195,"stat.pickup.minecraft.mutton":5,"stat.craftItem.ebwizardry.magic_crystal":50,"stat.killEntity.Bat":1,"stat.pickup.ebwizardry.magic_crystal":167,"stat.useItem.minecraft.cooked_porkchop":19,"stat.mineBlock.minecraft.coal_ore":244,"stat.killEntity.Creeper":7,"stat.pickup.minecraft.string":1,"stat.pickup.tombstone.crafting_ingredient":2,"stat.entityKilledBy.Skeleton":1,"stat.craftItem.minecraft.stone_slab2":0,"stat.useItem.minecraft.written_book":1,"stat.sprintOneCm":485778,"stat.craftItem.minecraft.stick":76,"stat.craftItem.minecraft.wooden_axe":1,"stat.useItem.carryon.tile_item":8,"stat.mineBlock.minecraft.diamond_ore":11,"stat.mineBlock.minecraft.crafting_table":3,"stat.useItem.minecraft.diamond_pickaxe":89,"stat.pickup.ebwizardry.oak_bookshelf":7,"stat.drop":11,"stat.pickup.ebwizardry.ruined_spell_book":3,"stat.killEntity.Sheep":3,"stat.pickup.ebwizardry.spark_bomb":2,"stat.craftItem.minecraft.diamond_pickaxe":1,"stat.killEntity.Zombie":22,"stat.craftItem.minecraft.dye":4,"stat.mineBlock.minecraft.gold_ore":22,"stat.diveOneCm":52934,"stat.pickup.minecraft.gravel":5,"stat.craftItem.minecraft.cooked_porkchop":19,"stat.useItem.minecraft.apple":1,"stat.mineBlock.minecraft.deadbush":1,"stat.craftItem.travelersbackpack.backpack_tank":2,"stat.jump":3510,"stat.useItem.minecraft.sand":2,"stat.pickup.minecraft.coal":386,"stat.pickup.minecraft.iron_ingot":1,"stat.useItem.minecraft.stone_axe":74,"stat.pickup.minecraft.gunpowder":21,"stat.pickup.minecraft.spider_eye":2,"stat.craftItem.minecraft.torch":108,"stat.pickup.minecraft.dirt":42,"stat.craftItem.minecraft.iron_helmet":1,"stat.pickup.minecraft.iron_ore":157,"stat.useItem.minecraft.sapling":1,"stat.pickup.minecraft.gold_ore":22,"stat.mineBlock.minecraft.lapis_ore":17,"stat.mineBlock.minecraft.stone_stairs":1,"stat.damageTaken":3826,"stat.pickup.minecraft.leather":16,"stat.mineBlock.minecraft.torch":9,"stat.mineBlock.minecraft.red_flower":4,"stat.mineBlock.minecraft.furnace":4,"stat.pickup.minecraft.written_book":2,"stat.useItem.minecraft.wooden_pickaxe":9,"stat.pickup.ebwizardry.crystal_flower":25,"stat.pickup.minecraft.reeds":113,"tombstone:undead_killed":32,"stat.useItem.tombstone.grave_key":3,"stat.entityKilledBy.Zombie":1,"stat.damageDealt":16183,"stat.craftItem.minecraft.glass":43,"stat.killEntity.Cow":16,"stat.killEntity.Pig":30,"stat.craftItem.minecraft.stone_shovel":1,"stat.walkOneCm":507639,"stat.useItem.minecraft.chest":2,"stat.pickup.minecraft.stick":25,"stat.useItem.tombstone.gift":2,"stat.pickup.minecraft.stone":55,"stat.craftItem.minecraft.iron_chestplate":1,"stat.pickup.minecraft.ender_pearl":2,"stat.pickup.minecraft.cooked_beef":9,"stat.killEntity.Skeleton":10,"stat.craftItem.travelersbackpack.sleeping_bag_bottom":1,"stat.mineBlock.minecraft.cactus":8,"stat.killEntity.Spider":2,"stat.mobKills":100,"stat.drop.ebwizardry.spark_bomb":2,"stat.pickup.minecraft.diamond":20,"stat.mineBlock.minecraft.leaves":10,"stat.pickup.minecraft.torch":11,"stat.mineBlock.minecraft.redstone_ore":33,"stat.drop.minecraft.stone_axe":1,"stat.mineBlock.minecraft.stone":700}