{"stat.walkOneCm":10595,"stat.drop.minecraft.wooden_pickaxe":1,"stat.pickup.minecraft.gravel":1,"stat.leaveGame":1,"stat.useItem.minecraft.cobblestone":5,"stat.pickup.minecraft.flint":1,"stat.craftItem.minecraft.crafting_table":1,"stat.mineBlock.minecraft.yellow_flower":1,"stat.drop.minecraft.flint":1,"stat.drop.minecraft.red_flower":1,"stat.pickup.minecraft.log":3,"stat.useItem.minecraft.mutton":1,"stat.swimOneCm":1951,"stat.jump":142,"stat.fallOneCm":5143,"stat.crouchOneCm":436,"stat.useItem.minecraft.dirt":3,"stat.pickup.minecraft.dirt":8,"stat.sprintOneCm":18221,"stat.useItem.minecraft.stone_slab2":11,"stat.craftItem.minecraft.stick":8,"stat.craftingTableInteraction":2,"stat.pickup.minecraft.sand":1,"stat.craftItem.minecraft.planks":12,"stat.damageTaken":50,"stat.mineBlock.minecraft.red_flower":1,"stat.useItem.minecraft.wooden_pickaxe":6,"stat.mobKills":1,"stat.pickup.minecraft.cobblestone":6,"stat.mineBlock.minecraft.log":3,"stat.flyOneCm":29502,"stat.drop":4,"stat.pickup.minecraft.wheat_seeds":1,"stat.mineBlock.minecraft.sand":1,"stat.playOneMinute":4208,"stat.drop.minecraft.wheat_seeds":1,"stat.mineBlock.minecraft.gravel":2,"stat.killEntity.Sheep":1,"stat.pickup.minecraft.red_flower":1,"stat.sneakTime":68,"stat.pickup.minecraft.wool":1,"stat.damageDealt":80,"stat.timeSinceDeath":4208,"stat.pickup.minecraft.yellow_flower":1,"stat.mineBlock.minecraft.dirt":8,"stat.craftItem.minecraft.wooden_pickaxe":1,"stat.mineBlock.minecraft.stone":6,"stat.mineBlock.minecraft.tallgrass":10,"stat.pickup.minecraft.mutton":1,"stat.diveOneCm":2335}