{"stat.drop.minecraft.wooden_pickaxe":1,"stat.pickup.minecraft.gravel":1,"stat.leaveGame":2,"stat.pickup.minecraft.flint":1,"stat.mineBlock.minecraft.yellow_flower":1,"stat.drop.minecraft.flint":1,"stat.useItem.minecraft.mutton":1,"stat.swimOneCm":2603,"stat.jump":391,"stat.fallOneCm":17364,"stat.useItem.minecraft.planks":3,"stat.crouchOneCm":908,"stat.entityKilledBy.mutantbeasts.mutant_zombie":1,"stat.useItem.minecraft.dirt":9,"stat.pickup.minecraft.dirt":16,"stat.useItem.minecraft.stone_slab2":14,"stat.craftingTableInteraction":2,"stat.pickup.minecraft.sand":1,"stat.damageTaken":370,"stat.mineBlock.minecraft.red_flower":1,"stat.useItem.minecraft.wooden_pickaxe":6,"stat.pickup.minecraft.cobblestone":6,"stat.flyOneCm":118257,"tombstone:undead_killed":1,"stat.pickup.minecraft.wheat_seeds":1,"stat.mineBlock.minecraft.sand":1,"stat.drop.minecraft.wheat_seeds":1,"stat.mineBlock.minecraft.gravel":2,"stat.damageDealt":406,"stat.timeSinceDeath":346,"stat.mineBlock.minecraft.dirt":16,"stat.craftItem.minecraft.wooden_pickaxe":1,"stat.pickup.minecraft.mutton":1,"stat.walkOneCm":20873,"stat.useItem.minecraft.cobblestone":5,"stat.craftItem.minecraft.crafting_table":1,"stat.drop.minecraft.red_flower":1,"stat.pickup.minecraft.log":4,"stat.useItem.tombstone.gift":1,"stat.pickup.tombstone.crafting_ingredient":1,"stat.sprintOneCm":46696,"stat.craftItem.minecraft.stick":8,"stat.craftItem.minecraft.planks":16,"stat.mobKills":2,"stat.mineBlock.minecraft.log":4,"stat.deaths":3,"stat.drop":4,"stat.playOneMinute":14266,"stat.killEntity.Sheep":1,"stat.pickup.minecraft.red_flower":1,"stat.sneakTime":170,"stat.pickup.minecraft.wool":1,"stat.killEntity.Zombie":1,"stat.pickup.minecraft.yellow_flower":1,"stat.mineBlock.minecraft.stone":6,"stat.mineBlock.minecraft.tallgrass":10,"stat.diveOneCm":3312}