{"stat.chestOpened":1,"stat.leaveGame":3,"stat.craftItem.minecraft.cooked_porkchop":2,"stat.jump":464,"stat.swimOneCm":8976,"stat.pickup.minecraft.coal":14,"stat.fallOneCm":8679,"stat.useItem.minecraft.planks":9,"stat.climbOneCm":2004,"stat.useItem.minecraft.stone_axe":34,"stat.pickup.minecraft.porkchop":4,"stat.craftItem.minecraft.torch":16,"stat.pickup.minecraft.dirt":3,"stat.useItem.minecraft.dirt":2,"stat.useItem.minecraft.stone_slab2":7,"stat.pickup.minecraft.bow":1,"stat.craftingTableInteraction":7,"stat.pickup.minecraft.iron_ore":6,"stat.craftItem.minecraft.furnace":1,"stat.boatOneCm":8865,"stat.craftItem.minecraft.stone_axe":1,"stat.pickup.minecraft.leather":4,"stat.damageTaken":130,"stat.craftItem.minecraft.stone_pickaxe":1,"stat.useItem.minecraft.wooden_pickaxe":4,"stat.pickup.minecraft.cobblestone":17,"stat.flyOneCm":25862,"tombstone:undead_killed":1,"stat.useItem.minecraft.stone_pickaxe":40,"stat.damageDealt":1131,"stat.mineBlock.minecraft.iron_ore":6,"stat.timeSinceDeath":7175,"stat.killEntity.Cow":2,"stat.mineBlock.minecraft.dirt":7,"stat.craftItem.minecraft.wooden_pickaxe":1,"stat.killEntity.Pig":2,"stat.walkOneCm":82235,"stat.useItem.minecraft.torch":2,"stat.mineBlock.minecraft.vine":2,"stat.pickup.minecraft.crafting_table":4,"stat.craftItem.minecraft.crafting_table":2,"stat.furnaceInteraction":3,"stat.useItem.minecraft.cooked_porkchop":2,"stat.mineBlock.minecraft.coal_ore":18,"stat.craftItem.minecraft.boat":1,"stat.killEntity.Creeper":1,"stat.pickup.minecraft.log":14,"stat.mineBlock.ebwizardry.runestone":1,"stat.pickup.minecraft.beef":6,"stat.craftItem.minecraft.stone_slab2":0,"stat.useItem.minecraft.written_book":1,"stat.sprintOneCm":42084,"stat.craftItem.minecraft.stick":12,"stat.craftItem.minecraft.wooden_axe":1,"stat.killEntity.Skeleton":1,"stat.craftItem.minecraft.planks":40,"stat.mineBlock.minecraft.crafting_table":4,"stat.mobKills":6,"stat.mineBlock.minecraft.log":10,"stat.useItem.minecraft.boat":1,"stat.mineBlock.minecraft.leaves":4,"stat.playOneMinute":7175,"stat.useItem.minecraft.wooden_axe":22,"stat.mineBlock.minecraft.stone":18,"stat.diveOneCm":8433}