{"stat.useItem.iceandfire.fire_dragon_flesh":3,"stat.pickup.iceandfire.fire_dragon_flesh":9,"stat.mineBlock.iceandfire.chared_grass":2,"stat.drop.iceandfire.ice_dragon_blood":1,"stat.leaveGame":4,"stat.killEntity.Blaze":2,"stat.pickup.ebwizardry.spell_book":3,"stat.useItem.minecraft.planks":13,"stat.mineBlock.minecraft.web":99,"stat.useItem.minecraft.golden_shovel":10,"stat.pickup.minecraft.porkchop":14,"stat.pickup.futuremc.spruce_trapdoor":2,"stat.useItem.minecraft.water_bucket":50,"stat.mineBlock.minecraft.stone_brick_stairs":1,"stat.pickup.minecraft.rotten_flesh":89,"stat.pickup.iceandfire.armor_bronze_chestplate":1,"stat.pickup.minecraft.sand":24,"stat.entityKilledBy.Spider":2,"stat.useItem.futuremc.spruce_trapdoor":3,"stat.useItem.minecraft.rail":14,"stat.entityKilledBy.cyclops":1,"stat.pickup.minecraft.leather_boots":1,"stat.entityKilledBy.firedragon":18,"stat.pickup.minecraft.chainmail_chestplate":2,"stat.pickup.minecraft.brown_mushroom":1,"stat.useItem.minecraft.iron_pickaxe":849,"stat.drop.minecraft.chainmail_leggings":1,"stat.craftItem.minecraft.bed":1,"stat.useItem.iceandfire.dragonbone_sword_ice":66,"stat.pickup.iceandfire.armor_bronze_leggings":3,"stat.mineBlock.minecraft.vine":11,"stat.mineBlock.minecraft.sticky_piston":4,"stat.furnaceInteraction":48,"stat.useItem.minecraft.golden_carrot":1,"stat.mineBlock.iceandfire.silverpile":35,"stat.pickup.iceandfire.dragon_skull":3,"stat.killEntity.ZombieVillager":3,"stat.mineBlock.futuremc.cornflower":1,"stat.pickup.minecraft.nether_brick":5,"stat.mineBlock.ebwizardry.runestone":1,"stat.pickup.minecraft.furnace":3,"stat.useItem.minecraft.cooked_mutton":11,"stat.useItem.minecraft.redstone":24,"stat.pickup.minecraft.leather_helmet":1,"stat.pickup.minecraft.iron_chestplate":1,"stat.pickup.tombstone.magic_scroll":2,"stat.useItem.iceandfire.chared_dirt":1,"stat.mineBlock.minecraft.oak_stairs":1,"stat.pickup.minecraft.lever":1,"stat.deaths":82,"stat.playOneMinute":490801,"stat.pickup.minecraft.blaze_rod":1,"stat.mineBlock.minecraft.stone_pressure_plate":1,"stat.useItem.minecraft.nether_brick":1,"stat.craftItem.minecraft.iron_pickaxe":1,"stat.pickup.minecraft.iron_bars":18,"stat.mineBlock.minecraft.tallgrass":24,"stat.craftItem.minecraft.cooked_mutton":3,"stat.pickup.minecraft.netherrack":1,"stat.chestOpened":249,"stat.craftItem.minecraft.sign":24,"stat.useItem.minecraft.stone":58,"stat.killEntity.mutantbeasts.creeper_minion":1,"stat.pickup.minecraft.arrow":45,"stat.mineBlock.minecraft.ice":1,"stat.pickup.minecraft.gold_nugget":216,"stat.drop.minecraft.iron_pickaxe":1,"stat.pickup.iceandfire.silver_nugget":166,"stat.fallOneCm":215253,"stat.drop.minecraft.stone":2,"stat.pickup.minecraft.carrot":10,"stat.useItem.minecraft.rabbit":1,"stat.crouchOneCm":47234,"stat.mineBlock.minecraft.chest":3,"stat.pickup.minecraft.rail":17,"stat.pickup.minecraft.golden_leggings":1,"stat.craftingTableInteraction":48,"stat.pickup.minecraft.feather":15,"stat.mineBlock.minecraft.red_nether_brick":2,"stat.pickup.iceandfire.dragonscales_red":7,"stat.pickup.minecraft.dye":110,"stat.pickup.minecraft.planks":29,"stat.pickup.minecraft.iron_leggings":2,"stat.pickup.minecraft.wheat_seeds":11,"stat.mineBlock.minecraft.gravel":43,"stat.useItem.minecraft.stone_pickaxe":144,"stat.mineBlock.minecraft.dirt":250,"stat.pickup.minecraft.chainmail_boots":2,"stat.useItem.minecraft.iron_bars":4,"stat.useItem.minecraft.torch":186,"stat.useItem.minecraft.bread":4,"stat.pickup.mowziesmobs.ice_crystal":1,"stat.useItem.minecraft.log":2,"stat.pickup.minecraft.crafting_table":3,"stat.useItem.minecraft.cobblestone":396,"stat.pickup.minecraft.magma":2,"stat.craftItem.minecraft.crafting_table":2,"stat.pickup.minecraft.log":35,"stat.useItem.minecraft.cooked_fish":1,"stat.useItem.minecraft.nether_wart_block":1,"stat.drop.minecraft.stonebrick":1,"stat.pickup.minecraft.iron_pickaxe":2,"stat.craftItem.minecraft.stone_button":1,"stat.craftItem.minecraft.gold_ingot":14,"stat.pickup.minecraft.chicken":1,"stat.pickup.minecraft.tipped_arrow":2,"stat.pickup.minecraft.chainmail_leggings":2,"stat.pickup.minecraft.sapling":10,"stat.craftItem.minecraft.bucket":1,"stat.mineBlock.iceandfire.goldpile":39,"stat.craftItem.minecraft.planks":132,"stat.useItem.minecraft.iron_sword":655,"stat.pickup.futuremc.cornflower":4,"stat.useItem.mutantbeasts.hulk_hammer":130,"stat.pickup.minecraft.diamond_helmet":1,"stat.pickup.minecraft.book":40,"stat.useItem.minecraft.stonebrick":51,"stat.mineBlock.minecraft.log":35,"stat.craftItem.minecraft.cooked_chicken":2,"stat.pickup.iceandfire.dragonbone":6,"stat.pickup.minecraft.iron_door":1,"stat.pickup.minecraft.red_flower":1,"stat.sneakTime":19180,"stat.pickup.minecraft.wool":6,"stat.pickup.minecraft.rabbit":1,"stat.entityKilledBy.Blaze":2,"stat.useItem.minecraft.baked_potato":1,"stat.pickup.minecraft.stone_slab":5,"stat.pickup.iceandfire.dragonbone_sword_ice":1,"stat.pickup.minecraft.chest":5,"stat.cakeSlicesEaten":9,"stat.pickup.minecraft.bone":35,"stat.craftItem.minecraft.sticky_piston":1,"stat.pickup.minecraft.lit_pumpkin":1,"stat.useItem.minecraft.iron_axe":151,"stat.mineBlock.minecraft.cobblestone":132,"stat.mineBlock.minecraft.pumpkin":1,"stat.pickup.minecraft.flint":2,"stat.mineBlock.iceandfire.chared_stone":1,"stat.useItem.minecraft.diamond_sword":1,"stat.swimOneCm":256310,"stat.climbOneCm":14827,"stat.pickup.minecraft.enchanted_book":1,"stat.mineBlock.minecraft.spruce_stairs":2,"stat.drop.minecraft.cobblestone":1,"stat.entityKilledBy.mutantbeasts.mutant_zombie":8,"stat.pickup.minecraft.sticky_piston":4,"stat.useItem.minecraft.dirt":272,"stat.drop.minecraft.quartz":1,"stat.useItem.minecraft.stone_slab2":128,"stat.pickup.minecraft.bow":5,"stat.pickup.minecraft.iron_boots":1,"stat.craftItem.minecraft.furnace":4,"stat.entityKilledBy.mutantbeasts.mutant_enderman":2,"stat.pickup.minecraft.nether_wart_block":2,"stat.useItem.minecraft.iron_ore":3,"stat.pickup.iceandfire.chain_link":7,"stat.pickup.minecraft.cobblestone":660,"stat.drop.minecraft.rabbit_hide":1,"stat.flyOneCm":1252234,"stat.useItem.tombstone.scroll_buff":1,"stat.pickup.minecraft.soul_sand":1,"stat.pickup.minecraft.redstone":19,"stat.mineBlock.minecraft.iron_ore":6,"stat.timeSinceDeath":37354,"stat.useItem.minecraft.sign":36,"stat.pickup.minecraft.mutton":3,"stat.pickup.minecraft.mossy_cobblestone":2,"stat.craftItem.minecraft.stonebrick":12,"stat.pickup.travelersbackpack.travelers_backpack":6,"stat.useItem.minecraft.potato":9,"stat.pickup.minecraft.chainmail_helmet":1,"stat.pickup.ebwizardry.firebomb":1,"stat.pickup.minecraft.stonebrick":52,"stat.drop.minecraft.dirt":46,"stat.useItem.minecraft.cooked_porkchop":22,"stat.pickup.ebwizardry.magic_crystal":1,"stat.mineBlock.minecraft.coal_ore":6,"stat.pickup.ebwizardry.smoke_bomb":1,"stat.mineBlock.minecraft.nether_brick":2,"stat.pickup.minecraft.shield":2,"stat.killEntity.Creeper":1,"stat.talkedToVillager":1,"stat.pickup.minecraft.string":152,"stat.pickup.tombstone.crafting_ingredient":8,"stat.entityKilledBy.Skeleton":6,"stat.craftItem.minecraft.stone_slab2":0,"stat.useItem.minecraft.golden_axe":8,"stat.drop.spartanweaponry.battleaxe_iron":1,"stat.useItem.minecraft.written_book":1,"stat.sprintOneCm":1530398,"stat.mineBlock.minecraft.stone_slab":1,"stat.craftItem.minecraft.stick":72,"stat.useItem.minecraft.stone_slab":5,"stat.pickup.minecraft.speckled_melon":1,"stat.useItem.carryon.tile_item":8,"stat.craftItem.minecraft.stone":65,"stat.useItem.minecraft.snowball":140,"stat.mineBlock.minecraft.diamond_ore":12,"stat.pickup.minecraft.grass":1,"stat.mineBlock.minecraft.crafting_table":3,"stat.useItem.minecraft.carrot":9,"stat.pickup.minecraft.diamond_chestplate":1,"stat.pickup.minecraft.leather_leggings":3,"stat.useItem.minecraft.bucket":81,"stat.entityKilledBy.Creeper":1,"stat.mineBlock.minecraft.planks":9,"stat.drop":58,"stat.pickup.ebwizardry.wizard_hat_sorcery":1,"stat.killEntity.cyclops":1,"stat.useItem.minecraft.wooden_sword":47,"stat.pickup.minecraft.stone_button":2,"stat.pickup.ebwizardry.ruined_spell_book":1,"stat.killEntity.Sheep":2,"stat.pickup.ebwizardry.spark_bomb":1,"stat.entityKilledBy.mutantbeasts.mutant_creeper":4,"stat.useItem.minecraft.ladder":1,"stat.pickup.minecraft.slime_ball":1,"stat.killEntity.Zombie":85,"stat.pickup.minecraft.snowball":150,"stat.pickup.iceandfire.chared_dirt":1,"stat.diveOneCm":327394,"stat.mineBlock.minecraft.mossy_cobblestone":3,"stat.craftItem.minecraft.piston":1,"stat.craftItem.minecraft.ladder":3,"stat.pickup.minecraft.sign":21,"stat.mineBlock.minecraft.stone_button":1,"stat.pickup.minecraft.gravel":70,"stat.craftItem.minecraft.cooked_porkchop":23,"stat.killEntity.Slime":2,"stat.useItem.minecraft.apple":1,"stat.useItem.minecraft.potion":3,"stat.craftItem.futuremc.spruce_trapdoor":4,"stat.useItem.minecraft.rotten_flesh":2,"stat.pickup.minecraft.stone_brick_stairs":1,"stat.pickup.minecraft.diamond_sword":1,"stat.jump":9542,"stat.useItem.minecraft.sand":20,"stat.pickup.minecraft.coal":55,"stat.craftItem.minecraft.lever":2,"stat.pickup.ebwizardry.poison_bomb":2,"stat.pickup.minecraft.gunpowder":2,"stat.entityKilledBy.CaveSpider":2,"stat.pickup.iceandfire.chared_stone":1,"stat.pickup.minecraft.spider_eye":13,"stat.craftItem.minecraft.torch":172,"stat.pickup.minecraft.dirt":396,"stat.drop.minecraft.bed":1,"stat.useItem.minecraft.cooked_chicken":9,"stat.pickup.minecraft.iron_ore":2,"stat.pickup.iceandfire.fire_dragon_heart":1,"stat.boatOneCm":59323,"stat.useItem.minecraft.sapling":5,"stat.mineBlock.minecraft.iron_bars":19,"stat.mineBlock.minecraft.lapis_ore":18,"tombstone:sneak_grave":3,"stat.pickup.minecraft.leather":3,"stat.damageTaken":24718,"stat.mineBlock.minecraft.furnace":2,"stat.mineBlock.minecraft.torch":25,"stat.pickup.minecraft.written_book":2,"stat.drop.minecraft.water_bucket":1,"stat.pickup.minecraft.prismarine_crystals":1,"stat.killEntity.CaveSpider":19,"stat.pickup.minecraft.bed":4,"stat.killEntity.hippogryph":1,"tombstone:undead_killed":117,"stat.useItem.tombstone.grave_key":51,"stat.pickup.minecraft.potato":9,"stat.pickup.minecraft.oak_stairs":2,"stat.entityKilledBy.Zombie":13,"stat.pickup.minecraft.rabbit_hide":1,"stat.useItem.futuremc.honey_bottle":2,"stat.damageDealt":44413,"stat.pickup.iceandfire.chared_grass":4,"stat.sleepInBed":5,"stat.killEntity.Silverfish":20,"stat.useItem.minecraft.crafting_table":1,"stat.killEntity.Pig":7,"stat.mineBlock.iceandfire.chared_dirt":1,"stat.craftItem.minecraft.stone_slab":6,"stat.walkOneCm":1154794,"stat.useItem.minecraft.chest":8,"stat.pickup.minecraft.stick":11,"stat.pickup.minecraft.diamond_pickaxe":1,"stat.pickup.minecraft.clay_ball":21,"stat.killEntity.ebwizardry:ice_wraith":1,"stat.useItem.minecraft.lava_bucket":30,"stat.useItem.spartanweaponry.battleaxe_iron":102,"stat.pickup.minecraft.stone":31,"stat.useItem.minecraft.spruce_stairs":27,"stat.entityKilledBy.icedragon":1,"stat.mineBlock.minecraft.packed_ice":8,"stat.useItem.minecraft.redstone_ore":3,"stat.killEntity.Stray":2,"stat.useItem.iceandfire.chared_grass":3,"stat.pickup.mutantbeasts.hulk_hammer":3,"stat.killEntity.Skeleton":27,"stat.mineBlock.minecraft.stonebrick":115,"stat.killEntity.Spider":42,"stat.pickup.minecraft.bread":6,"stat.pickup.ebwizardry.runestone":1,"stat.mobKills":228,"stat.pickup.minecraft.diamond_boots":2,"stat.mineBlock.minecraft.bookshelf":13,"stat.pickup.minecraft.quartz":2,"stat.pickup.iceandfire.armor_red_leggings":1,"stat.pickup.minecraft.water_bucket":2,"stat.pickup.minecraft.golden_shovel":1,"stat.pickup.minecraft.diamond":12,"stat.mineBlock.minecraft.leaves":2,"stat.pickup.minecraft.torch":58,"stat.entityKilledBy.Silverfish":1,"stat.pickup.minecraft.spruce_stairs":2,"stat.mineBlock.minecraft.redstone_ore":1,"stat.craftItem.minecraft.spruce_stairs":40,"stat.mineBlock.minecraft.stone":555}