{"stat.pickup.iceandfire.fire_dragon_flesh":6,"stat.drop.iceandfire.ice_dragon_blood":1,"stat.leaveGame":3,"stat.killEntity.Blaze":2,"stat.pickup.ebwizardry.spell_book":2,"stat.mineBlock.minecraft.web":98,"stat.pickup.minecraft.porkchop":14,"stat.useItem.minecraft.water_bucket":37,"stat.mineBlock.minecraft.stone_brick_stairs":1,"stat.pickup.minecraft.rotten_flesh":76,"stat.pickup.iceandfire.armor_bronze_chestplate":1,"stat.entityKilledBy.Spider":1,"stat.useItem.minecraft.rail":14,"stat.entityKilledBy.cyclops":1,"stat.pickup.minecraft.leather_boots":1,"stat.entityKilledBy.firedragon":10,"stat.pickup.minecraft.chainmail_chestplate":2,"stat.pickup.minecraft.brown_mushroom":1,"stat.useItem.minecraft.iron_pickaxe":352,"stat.drop.minecraft.chainmail_leggings":1,"stat.craftItem.minecraft.bed":1,"stat.pickup.iceandfire.armor_bronze_leggings":3,"stat.mineBlock.minecraft.vine":11,"stat.furnaceInteraction":33,"stat.useItem.minecraft.golden_carrot":1,"stat.mineBlock.iceandfire.silverpile":35,"stat.pickup.iceandfire.dragon_skull":2,"stat.killEntity.ZombieVillager":2,"stat.pickup.minecraft.nether_brick":5,"stat.mineBlock.ebwizardry.runestone":1,"stat.pickup.minecraft.furnace":3,"stat.useItem.minecraft.cooked_mutton":8,"stat.pickup.minecraft.leather_helmet":1,"stat.pickup.minecraft.iron_chestplate":1,"stat.pickup.tombstone.magic_scroll":1,"stat.deaths":47,"stat.playOneMinute":276217,"stat.pickup.minecraft.blaze_rod":1,"stat.mineBlock.minecraft.stone_pressure_plate":1,"stat.useItem.minecraft.nether_brick":1,"stat.pickup.minecraft.iron_bars":10,"stat.mineBlock.minecraft.tallgrass":14,"stat.craftItem.minecraft.cooked_mutton":3,"stat.pickup.minecraft.netherrack":1,"stat.chestOpened":104,"stat.craftItem.minecraft.sign":12,"stat.useItem.minecraft.stone":22,"stat.pickup.minecraft.arrow":44,"stat.mineBlock.minecraft.ice":1,"stat.pickup.minecraft.gold_nugget":216,"stat.drop.minecraft.iron_pickaxe":1,"stat.pickup.iceandfire.silver_nugget":166,"stat.fallOneCm":116351,"stat.pickup.minecraft.carrot":10,"stat.crouchOneCm":29268,"stat.mineBlock.minecraft.chest":3,"stat.pickup.minecraft.rail":17,"stat.pickup.minecraft.golden_leggings":1,"stat.craftingTableInteraction":17,"stat.pickup.minecraft.feather":15,"stat.mineBlock.minecraft.red_nether_brick":2,"stat.pickup.minecraft.dye":110,"stat.pickup.minecraft.planks":28,"stat.pickup.minecraft.iron_leggings":2,"stat.pickup.minecraft.wheat_seeds":7,"stat.mineBlock.minecraft.gravel":32,"stat.useItem.minecraft.stone_pickaxe":144,"stat.mineBlock.minecraft.dirt":78,"stat.pickup.minecraft.chainmail_boots":2,"stat.useItem.minecraft.torch":163,"stat.useItem.minecraft.bread":4,"stat.pickup.mowziesmobs.ice_crystal":1,"stat.useItem.minecraft.log":2,"stat.pickup.minecraft.crafting_table":1,"stat.useItem.minecraft.cobblestone":53,"stat.pickup.minecraft.magma":2,"stat.craftItem.minecraft.crafting_table":2,"stat.pickup.minecraft.log":35,"stat.useItem.minecraft.cooked_fish":1,"stat.useItem.minecraft.nether_wart_block":1,"stat.pickup.minecraft.iron_pickaxe":2,"stat.craftItem.minecraft.gold_ingot":14,"stat.pickup.minecraft.chicken":1,"stat.pickup.minecraft.tipped_arrow":2,"stat.pickup.minecraft.chainmail_leggings":2,"stat.pickup.minecraft.sapling":3,"stat.craftItem.minecraft.bucket":1,"stat.mineBlock.iceandfire.goldpile":39,"stat.craftItem.minecraft.planks":132,"stat.useItem.minecraft.iron_sword":557,"stat.pickup.futuremc.cornflower":3,"stat.useItem.mutantbeasts.hulk_hammer":130,"stat.pickup.minecraft.diamond_helmet":1,"stat.pickup.minecraft.book":40,"stat.mineBlock.minecraft.log":35,"stat.craftItem.minecraft.cooked_chicken":2,"stat.pickup.iceandfire.dragonbone":4,"stat.pickup.minecraft.iron_door":1,"stat.sneakTime":10649,"stat.pickup.minecraft.wool":6,"stat.entityKilledBy.Blaze":2,"stat.pickup.minecraft.chest":5,"stat.cakeSlicesEaten":9,"stat.pickup.minecraft.bone":33,"stat.pickup.minecraft.lit_pumpkin":1,"stat.useItem.minecraft.iron_axe":151,"stat.mineBlock.minecraft.cobblestone":23,"stat.mineBlock.minecraft.pumpkin":1,"stat.pickup.minecraft.flint":1,"stat.useItem.minecraft.diamond_sword":1,"stat.swimOneCm":132120,"stat.climbOneCm":9087,"stat.entityKilledBy.mutantbeasts.mutant_zombie":3,"stat.useItem.minecraft.dirt":30,"stat.drop.minecraft.quartz":1,"stat.useItem.minecraft.stone_slab2":39,"stat.pickup.minecraft.bow":4,"stat.pickup.minecraft.iron_boots":1,"stat.craftItem.minecraft.furnace":4,"stat.entityKilledBy.mutantbeasts.mutant_enderman":2,"stat.pickup.minecraft.nether_wart_block":2,"stat.useItem.minecraft.iron_ore":3,"stat.pickup.iceandfire.chain_link":7,"stat.pickup.minecraft.cobblestone":288,"stat.flyOneCm":721758,"stat.pickup.minecraft.soul_sand":1,"stat.pickup.minecraft.redstone":4,"stat.mineBlock.minecraft.iron_ore":4,"stat.timeSinceDeath":16288,"stat.useItem.minecraft.sign":17,"stat.pickup.minecraft.mutton":3,"stat.pickup.minecraft.mossy_cobblestone":2,"stat.pickup.travelersbackpack.travelers_backpack":3,"stat.useItem.minecraft.potato":9,"stat.pickup.minecraft.chainmail_helmet":1,"stat.pickup.ebwizardry.firebomb":1,"stat.pickup.minecraft.stonebrick":4,"stat.drop.minecraft.dirt":1,"stat.useItem.minecraft.cooked_porkchop":17,"stat.pickup.ebwizardry.magic_crystal":1,"stat.pickup.ebwizardry.smoke_bomb":1,"stat.mineBlock.minecraft.nether_brick":2,"stat.pickup.minecraft.shield":2,"stat.talkedToVillager":1,"stat.pickup.minecraft.string":147,"stat.pickup.tombstone.crafting_ingredient":7,"stat.entityKilledBy.Skeleton":4,"stat.craftItem.minecraft.stone_slab2":0,"stat.useItem.minecraft.golden_axe":8,"stat.drop.spartanweaponry.battleaxe_iron":1,"stat.useItem.minecraft.written_book":1,"stat.sprintOneCm":1006606,"stat.craftItem.minecraft.stick":28,"stat.pickup.minecraft.speckled_melon":1,"stat.craftItem.minecraft.stone":14,"stat.useItem.minecraft.snowball":140,"stat.mineBlock.minecraft.diamond_ore":12,"stat.pickup.minecraft.grass":1,"stat.mineBlock.minecraft.crafting_table":1,"stat.useItem.minecraft.carrot":9,"stat.pickup.minecraft.diamond_chestplate":1,"stat.pickup.minecraft.leather_leggings":3,"stat.useItem.minecraft.bucket":48,"stat.entityKilledBy.Creeper":1,"stat.mineBlock.minecraft.planks":8,"stat.drop":7,"stat.pickup.ebwizardry.wizard_hat_sorcery":1,"stat.killEntity.cyclops":1,"stat.useItem.minecraft.wooden_sword":47,"stat.pickup.ebwizardry.ruined_spell_book":1,"stat.killEntity.Sheep":2,"stat.pickup.ebwizardry.spark_bomb":1,"stat.killEntity.Zombie":69,"stat.pickup.minecraft.snowball":150,"stat.diveOneCm":187634,"stat.mineBlock.minecraft.mossy_cobblestone":3,"stat.pickup.minecraft.sign":10,"stat.pickup.minecraft.gravel":32,"stat.craftItem.minecraft.cooked_porkchop":15,"stat.useItem.minecraft.apple":1,"stat.useItem.minecraft.potion":3,"stat.pickup.minecraft.stone_brick_stairs":1,"stat.pickup.minecraft.diamond_sword":1,"stat.jump":5436,"stat.pickup.minecraft.coal":26,"stat.pickup.ebwizardry.poison_bomb":2,"stat.pickup.minecraft.gunpowder":2,"stat.entityKilledBy.CaveSpider":2,"stat.pickup.minecraft.spider_eye":12,"stat.craftItem.minecraft.torch":80,"stat.pickup.minecraft.dirt":90,"stat.useItem.minecraft.cooked_chicken":2,"stat.pickup.minecraft.iron_ore":1,"stat.boatOneCm":59323,"stat.useItem.minecraft.sapling":2,"stat.mineBlock.minecraft.iron_bars":11,"stat.mineBlock.minecraft.lapis_ore":18,"tombstone:sneak_grave":3,"stat.pickup.minecraft.leather":3,"stat.damageTaken":14398,"stat.mineBlock.minecraft.furnace":2,"stat.mineBlock.minecraft.torch":13,"stat.drop.minecraft.water_bucket":1,"stat.pickup.minecraft.prismarine_crystals":1,"stat.killEntity.CaveSpider":19,"stat.killEntity.hippogryph":1,"tombstone:undead_killed":94,"stat.useItem.tombstone.grave_key":19,"stat.pickup.minecraft.potato":9,"stat.entityKilledBy.Zombie":10,"stat.useItem.futuremc.honey_bottle":2,"stat.damageDealt":33952,"stat.sleepInBed":1,"stat.killEntity.Silverfish":20,"stat.killEntity.Pig":7,"stat.walkOneCm":626034,"stat.useItem.minecraft.chest":4,"stat.pickup.minecraft.stick":11,"stat.pickup.minecraft.diamond_pickaxe":1,"stat.pickup.minecraft.clay_ball":8,"stat.useItem.minecraft.lava_bucket":10,"stat.useItem.spartanweaponry.battleaxe_iron":102,"stat.pickup.minecraft.stone":22,"stat.entityKilledBy.icedragon":1,"stat.mineBlock.minecraft.packed_ice":7,"stat.useItem.minecraft.redstone_ore":3,"stat.killEntity.Stray":2,"stat.pickup.mutantbeasts.hulk_hammer":2,"stat.killEntity.Skeleton":21,"stat.mineBlock.minecraft.stonebrick":68,"stat.killEntity.Spider":38,"stat.pickup.minecraft.bread":6,"stat.pickup.ebwizardry.runestone":1,"stat.mobKills":191,"stat.pickup.minecraft.diamond_boots":1,"stat.mineBlock.minecraft.bookshelf":13,"stat.pickup.minecraft.quartz":2,"stat.pickup.minecraft.water_bucket":1,"stat.pickup.minecraft.golden_shovel":1,"stat.pickup.minecraft.diamond":12,"stat.mineBlock.minecraft.leaves":2,"stat.pickup.minecraft.torch":44,"stat.entityKilledBy.Silverfish":1,"stat.mineBlock.minecraft.redstone_ore":1,"stat.mineBlock.minecraft.stone":247}