{"stat.useItem.minecraft.quartz_block":1,"stat.leaveGame":8,"stat.mineBlock.ebwizardry.crystal_flower":8,"stat.pickup.ebwizardry.spell_book":2,"stat.mineBlock.minecraft.sandstone":38,"stat.mineBlock.minecraft.stained_glass":3,"stat.useItem.minecraft.mutton":5,"stat.useItem.minecraft.planks":26,"stat.pickup.minecraft.porkchop":27,"stat.mineBlock.minecraft.red_sandstone":2,"stat.pickup.minecraft.rotten_flesh":17,"stat.pickup.minecraft.sand":96,"stat.entityKilledBy.Spider":1,"stat.useItem.minecraft.sandstone_stairs":1,"stat.craftItem.minecraft.stone_axe":2,"stat.entityKilledBy.firedragon":6,"stat.mineBlock.minecraft.sand":7,"stat.useItem.minecraft.iron_pickaxe":143,"stat.pickup.minecraft.stained_hardened_clay":3,"stat.craftItem.minecraft.wooden_pickaxe":1,"stat.craftItem.minecraft.bed":1,"stat.mineBlock.minecraft.vine":2,"stat.mineBlock.minecraft.sticky_piston":1,"stat.furnaceInteraction":19,"stat.killEntity.ZombieVillager":1,"stat.pickup.iceandfire.dragon_skull":2,"stat.pickup.minecraft.nether_brick":5,"stat.pickup.ebwizardry.arcane_tome":1,"stat.pickup.minecraft.beef":14,"stat.pickup.minecraft.furnace":4,"stat.useItem.minecraft.cooked_mutton":10,"stat.drop.iceandfire.dragon_skull":1,"stat.useItem.minecraft.red_sandstone":1,"stat.craftItem.travelersbackpack.travelers_backpack":1,"stat.mineBlock.minecraft.stained_hardened_clay":4,"stat.pickup.tombstone.magic_scroll":1,"stat.pickup.minecraft.acacia_door":2,"stat.entityKilledBy.mutantbeasts.mutant_skeleton":3,"stat.pickup.futuremc.lily_of_the_valley":1,"stat.pickup.minecraft.emerald":2,"stat.pickup.minecraft.saddle":1,"stat.useItem.minecraft.beef":6,"stat.pickup.minecraft.lever":2,"stat.deaths":49,"stat.playOneMinute":164731,"stat.mineBlock.futuremc.stripped_acacia_log":1,"stat.mineBlock.minecraft.stone_pressure_plate":1,"stat.craftItem.minecraft.iron_pickaxe":1,"stat.pickup.minecraft.item_frame":1,"stat.pickup.minecraft.iron_bars":10,"stat.drop.minecraft.glass_bottle":1,"stat.mineBlock.minecraft.tallgrass":101,"stat.craftItem.minecraft.cooked_mutton":10,"stat.pickup.minecraft.netherrack":1,"stat.pickup.minecraft.cooked_mutton":2,"stat.chestOpened":87,"stat.pickup.minecraft.arrow":19,"stat.pickup.minecraft.iron_sword":3,"stat.useItem.ebwizardry.crystal_flower":2,"stat.fallOneCm":135318,"stat.crouchOneCm":3085,"stat.pickup.iceandfire.pixie_dust":3,"stat.mineBlock.minecraft.chest":10,"stat.craftItem.minecraft.chest":2,"stat.craftItem.minecraft.iron_ingot":10,"stat.mineBlock.futuremc.lily_of_the_valley":1,"stat.craftingTableInteraction":19,"stat.pickup.minecraft.nether_brick_fence":1,"stat.mineBlock.minecraft.log2":28,"stat.useItem.minecraft.furnace":2,"stat.pickup.minecraft.dye":2,"stat.pickup.minecraft.planks":26,"stat.pickup.minecraft.wheat_seeds":8,"stat.mineBlock.minecraft.gravel":11,"stat.useItem.minecraft.stone_pickaxe":92,"stat.useItem.minecraft.wool":2,"stat.pickup.tombstone.scroll_of_knowledge":1,"stat.mineBlock.minecraft.dirt":19,"stat.mineBlock.minecraft.quartz_stairs":5,"stat.useItem.minecraft.bread":3,"stat.pickup.minecraft.golden_apple":1,"stat.pickup.minecraft.crafting_table":6,"stat.useItem.minecraft.cobblestone":16,"stat.craftItem.minecraft.crafting_table":4,"stat.useItem.minecraft.gravel":8,"stat.mineBlock.minecraft.double_plant":2,"stat.pickup.minecraft.log":16,"stat.pickup.minecraft.iron_pickaxe":2,"stat.pickup.minecraft.web":6,"stat.pickup.minecraft.chainmail_leggings":1,"stat.pickup.minecraft.sapling":1,"stat.craftItem.minecraft.planks":96,"stat.useItem.minecraft.iron_sword":10,"stat.killEntity.WitherSkeleton":1,"stat.pickup.minecraft.book":36,"stat.mineBlock.minecraft.log":16,"stat.pickup.iceandfire.pixie_house":1,"stat.pickup.iceandfire.dragonbone":6,"stat.pickup.minecraft.red_flower":3,"stat.sneakTime":486,"stat.pickup.minecraft.wool":44,"stat.useItem.minecraft.wooden_axe":42,"stat.pickup.minecraft.stone_slab":6,"stat.pickup.minecraft.yellow_flower":2,"stat.drop.minecraft.wooden_axe":1,"stat.pickup.minecraft.chest":7,"stat.cakeSlicesEaten":1,"stat.pickup.minecraft.bone":16,"stat.pickup.minecraft.stone_pressure_plate":1,"stat.useItem.minecraft.iron_axe":202,"stat.killEntity.gorgon":1,"stat.pickup.minecraft.stone_pickaxe":1,"stat.pickup.minecraft.flint":2,"stat.mineBlock.minecraft.yellow_flower":1,"stat.pickup.minecraft.leather_chestplate":1,"stat.useItem.minecraft.diamond_sword":137,"stat.craftItem.minecraft.wool":2,"stat.swimOneCm":64513,"stat.climbOneCm":1649,"stat.pickup.minecraft.enchanted_book":4,"stat.entityKilledBy.ebwizardry:wizard":1,"stat.pickup.minecraft.cooked_porkchop":4,"stat.pickup.tombstone.tablet_of_assistance":2,"stat.pickup.minecraft.sticky_piston":1,"stat.useItem.minecraft.stone_slab2":30,"stat.killEntity.deathworm":1,"stat.pickup.tektopia.structure_home2":2,"stat.craftItem.minecraft.furnace":4,"stat.pickup.ebwizardry.duration_upgrade":1,"stat.craftItem.minecraft.stone_pickaxe":1,"stat.pickup.minecraft.shears":9,"stat.pickup.minecraft.cobblestone":58,"stat.pickup.minecraft.quartz_stairs":3,"stat.mineBlock.minecraft.redstone_block":2,"stat.flyOneCm":936949,"stat.pickup.minecraft.sandstone":104,"stat.useItem.minecraft.cooked_beef":3,"stat.pickup.minecraft.cactus":3,"stat.mineBlock.minecraft.iron_ore":8,"stat.timeSinceDeath":46067,"stat.craftItem.minecraft.acacia_door":3,"stat.pickup.minecraft.mutton":25,"stat.mineBlock.ebwizardry.arcane_workbench":1,"stat.pickup.ebwizardry.arcane_workbench":5,"stat.pickup.minecraft.wooden_axe":1,"stat.pickup.minecraft.chainmail_helmet":1,"stat.pickup.minecraft.nether_wart":4,"stat.pickup.minecraft.stonebrick":17,"stat.useItem.minecraft.cooked_porkchop":2,"stat.mineBlock.minecraft.coal_ore":68,"stat.pickup.minecraft.shield":3,"stat.pickup.minecraft.wooden_sword":1,"stat.pickup.minecraft.string":6,"stat.pickup.tektopia.structure_townhall":1,"stat.pickup.tombstone.crafting_ingredient":2,"stat.entityKilledBy.Skeleton":3,"stat.useItem.minecraft.written_book":4,"stat.pickup.minecraft.sandstone_stairs":8,"stat.sprintOneCm":646731,"stat.pickup.minecraft.paper":2,"stat.entityKilledBy.myrmex_soldier":8,"stat.mineBlock.minecraft.stone_slab":5,"stat.craftItem.minecraft.stick":12,"stat.craftItem.minecraft.wooden_axe":1,"stat.mineBlock.minecraft.crafting_table":6,"stat.mineBlock.minecraft.quartz_block":4,"stat.entityKilledBy.Creeper":1,"stat.killEntity.ebwizardry:wizard":1,"stat.mineBlock.minecraft.planks":3,"stat.drop":6,"stat.killEntity.Sheep":22,"stat.drop.tombstone.grave_key":1,"stat.pickup.ebwizardry.spark_bomb":2,"stat.entityKilledBy.mutantbeasts.mutant_creeper":1,"stat.killEntity.Zombie":9,"stat.craftItem.minecraft.dye":3,"stat.entityKilledBy.myrmex_royal":3,"stat.diveOneCm":54387,"stat.pickup.minecraft.gravel":9,"stat.pickup.minecraft.stone_axe":2,"stat.useItem.minecraft.porkchop":27,"stat.useItem.minecraft.potion":1,"stat.pickup.minecraft.diamond_sword":2,"stat.craftItem.travelersbackpack.backpack_tank":2,"stat.jump":5166,"stat.useItem.minecraft.sand":23,"stat.pickup.minecraft.coal":130,"stat.pickup.minecraft.iron_ingot":7,"stat.useItem.minecraft.stone_axe":121,"stat.pickup.minecraft.gunpowder":9,"stat.pickup.iceandfire.chared_stone":29,"stat.pickup.minecraft.dirt":15,"stat.pickup.minecraft.iron_ore":10,"stat.pickup.iceandfire.fire_dragon_heart":1,"stat.pickup.minecraft.stone_shovel":1,"stat.mineBlock.minecraft.iron_bars":8,"stat.pickup.minecraft.red_sandstone":2,"stat.pickup.minecraft.iron_axe":1,"stat.mineBlock.minecraft.glass_pane":1,"stat.damageTaken":-2147468993,"stat.pickup.ebwizardry.scroll":5,"stat.pickup.minecraft.leather":8,"stat.mineBlock.iceandfire.pixie_house":1,"stat.mineBlock.minecraft.torch":2,"stat.mineBlock.minecraft.furnace":4,"stat.mineBlock.minecraft.red_flower":3,"stat.useItem.minecraft.wooden_pickaxe":12,"stat.useItem.minecraft.acacia_door":1,"stat.pickup.ebwizardry.crystal_flower":8,"stat.pickup.minecraft.log2":27,"stat.mineBlock.minecraft.sandstone_stairs":1,"stat.pickup.minecraft.reeds":4,"stat.entityKilledBy.ZombieVillager":1,"stat.pickup.minecraft.bed":1,"stat.useItem.tombstone.grave_key":55,"tombstone:undead_killed":18,"stat.pickup.minecraft.quartz_block":4,"stat.pickup.minecraft.potato":2,"stat.entityKilledBy.Zombie":6,"stat.damageDealt":12997,"stat.craftItem.minecraft.glass":22,"stat.sleepInBed":4,"stat.killEntity.if_pixie":2,"stat.killEntity.Cow":7,"stat.killEntity.Pig":13,"stat.entityKilledBy.if_cockatrice":2,"stat.walkOneCm":780852,"stat.useItem.minecraft.chest":2,"stat.playerKills":1,"stat.pickup.minecraft.stick":6,"stat.useItem.minecraft.tnt":6,"stat.pickup.minecraft.tnt":17,"stat.pickup.tektopia.structure_storage":1,"stat.pickup.minecraft.baked_potato":1,"stat.pickup.minecraft.cooked_beef":12,"stat.pickup.minecraft.gold_ingot":8,"stat.killEntity.Skeleton":6,"stat.craftItem.travelersbackpack.sleeping_bag_bottom":1,"stat.mineBlock.minecraft.tnt":10,"stat.mineBlock.minecraft.stonebrick":13,"stat.pickup.travelersbackpack.backpack_tank":2,"stat.killEntity.Spider":4,"stat.pickup.minecraft.bread":2,"stat.mobKills":73,"stat.mineBlock.minecraft.bookshelf":12,"stat.pickup.minecraft.quartz":8,"stat.pickup.iceandfire.gorgon_head":1,"stat.useItem.minecraft.golden_apple":1,"stat.mineBlock.minecraft.leaves":8,"stat.pickup.minecraft.beetroot_seeds":2,"stat.pickup.minecraft.torch":1,"stat.drop.minecraft.stone_axe":2,"stat.mineBlock.minecraft.stone":60,"stat.useItem.minecraft.sandstone":32}