{"stat.useItem.minecraft.bow":1,"stat.drop.iceandfire.armor_red_leggings":2,"stat.craftItem.iceandfire.armor_bronze_chestplate":3,"stat.pickup.iceandfire.fire_dragon_flesh":48,"stat.pickup.iceandfire.ice_dragon_blood":1,"stat.leaveGame":8,"stat.drop.minecraft.gunpowder":2,"stat.pickup.ebwizardry.spell_book":6,"stat.pickup.mutantbeasts.mutant_skeleton_pelvis":2,"stat.mineBlock.minecraft.web":99,"stat.pickup.minecraft.rotten_flesh":156,"stat.pickup.iceandfire.armor_bronze_chestplate":1,"stat.pickup.iceandfire.witherbone":3,"stat.pickup.iceandfire.chared_cobblestone":1,"stat.killEntity.Enderman":3,"stat.pickup.minecraft.leather_boots":4,"stat.craftItem.minecraft.iron_shovel":1,"stat.killEntity.Witch":4,"stat.useItem.minecraft.iron_pickaxe":524,"stat.drop.minecraft.ender_eye":4,"stat.pickup.minecraft.stained_hardened_clay":1,"stat.craftItem.minecraft.wooden_pickaxe":1,"stat.useItem.minecraft.iron_shovel":119,"stat.pickup.minecraft.double_plant":2,"stat.craftItem.minecraft.bed":1,"stat.mineBlock.minecraft.vine":1,"stat.pickup.iceandfire.armor_bronze_leggings":1,"stat.furnaceInteraction":163,"stat.killEntity.ZombieVillager":12,"stat.pickup.minecraft.nether_brick":11,"stat.drop.minecraft.red_flower":1,"stat.pickup.minecraft.beef":70,"stat.pickup.ebwizardry.arcane_tome":1,"stat.pickup.minecraft.leather_helmet":1,"stat.mineBlock.minecraft.stained_hardened_clay":1,"stat.pickup.minecraft.potion":1,"stat.craftItem.ebwizardry.magic_wand":1,"stat.useItem.minecraft.wheat_seeds":24,"stat.useItem.iceandfire.chared_dirt":2,"stat.pickup.minecraft.emerald":4,"stat.pickup.minecraft.lever":1,"stat.deaths":47,"stat.pickup.minecraft.egg":10,"stat.craftItem.minecraft.item_frame":1,"stat.craftItem.tektopia.structure_townhall":1,"stat.mineBlock.minecraft.stone_pressure_plate":2,"stat.drop.iceandfire.silver_nugget":6,"stat.useItem.minecraft.nether_brick":5,"stat.craftItem.minecraft.iron_pickaxe":4,"stat.pickup.minecraft.item_frame":9,"stat.drop.minecraft.glass_bottle":1,"stat.craftItem.minecraft.cooked_mutton":23,"stat.mineBlock.minecraft.tallgrass":46,"stat.pickup.minecraft.cooked_mutton":4,"stat.chestOpened":786,"stat.useItem.minecraft.cooked_rabbit":1,"stat.useItem.minecraft.stone":9,"stat.killEntity.mutantbeasts.creeper_minion":2,"stat.pickup.minecraft.arrow":107,"stat.craftItem.iceandfire.armor_red_leggings":2,"stat.pickup.minecraft.gold_nugget":1043,"stat.pickup.iceandfire.silver_nugget":70,"stat.pickup.mutantbeasts.mutant_skeleton_shoulder_pad":4,"stat.pickup.mutantbeasts.mutant_skeleton_skull":2,"stat.crouchOneCm":151514,"stat.mineBlock.minecraft.chest":5,"stat.craftItem.minecraft.iron_ingot":77,"stat.craftingTableInteraction":61,"stat.pickup.iceandfire.ice_dragon_flesh":4,"stat.pickup.minecraft.wooden_pickaxe":1,"stat.useItem.futuremc.sweet_berries":5,"stat.pickup.minecraft.dye":33,"stat.pickup.minecraft.planks":186,"stat.pickup.minecraft.wheat_seeds":73,"stat.pickup.iceandfire.cyclops_eye":1,"stat.mineBlock.minecraft.dirt":159,"stat.drop.mutantbeasts.hulk_hammer":3,"stat.flowerPotted":1,"stat.useItem.minecraft.bread":16,"stat.entityKilledBy.Stray":1,"stat.drop.minecraft.rotten_flesh":72,"stat.useItem.minecraft.cobblestone":93,"stat.mineBlock.minecraft.double_plant":4,"stat.pickup.minecraft.iron_pickaxe":1,"stat.craftItem.minecraft.gold_ingot":15,"stat.drop.minecraft.sapling":92,"stat.pickup.minecraft.chicken":19,"stat.pickup.minecraft.tipped_arrow":4,"stat.craftItem.minecraft.planks":752,"stat.useItem.minecraft.iron_sword":1193,"stat.pickup.futuremc.cornflower":10,"stat.drop.futuremc.cornflower":3,"stat.itemEnchanted":10,"stat.pickup.iceandfire.dragonscales_green":106,"stat.pickup.minecraft.book":109,"stat.useItem.minecraft.stonebrick":5,"stat.mineBlock.minecraft.log":222,"stat.craftItem.minecraft.wooden_door":3,"stat.pickup.iceandfire.dragonbone":141,"stat.useItem.minecraft.wooden_door":3,"stat.pickup.minecraft.iron_door":1,"stat.pickup.minecraft.red_flower":8,"stat.pickup.mutantbeasts.mutant_skeleton_limb":16,"stat.pickup.minecraft.red_nether_brick":5,"stat.pickup.minecraft.wool":26,"stat.killEntity.siren":1,"stat.cakeSlicesEaten":16,"stat.craftItem.minecraft.cooked_rabbit":1,"stat.useItem.minecraft.iron_axe":501,"stat.mineBlock.minecraft.cobblestone":17,"stat.pickup.minecraft.stone_pickaxe":1,"stat.pickup.iceandfire.ice_dragon_heart":1,"stat.mineBlock.minecraft.yellow_flower":5,"stat.pickup.minecraft.leather_chestplate":2,"stat.pickup.minecraft.flower_pot":2,"stat.craftItem.minecraft.wool":4,"stat.drop.minecraft.cobblestone":48,"stat.pickup.spartanshields.shield_basic_iron":3,"stat.pickup.minecraft.cooked_porkchop":7,"stat.useItem.minecraft.cookie":1,"stat.useItem.minecraft.stone_slab2":145,"stat.pickup.minecraft.bow":8,"stat.pickup.minecraft.iron_boots":2,"stat.craftItem.minecraft.furnace":5,"stat.useItem.minecraft.egg":8,"stat.pickup.minecraft.nether_wart_block":1,"stat.pickup.iceandfire.chain_link":1,"stat.craftItem.minecraft.cooked_beef":30,"stat.mineBlock.minecraft.obsidian":14,"stat.craftItem.minecraft.bow":1,"stat.pickup.mutantbeasts.mutant_skeleton_rib":12,"stat.pickup.futuremc.sweet_berries":6,"stat.flyOneCm":2953530,"stat.drop.minecraft.iron_helmet":1,"stat.pickup.minecraft.nether_brick_stairs":2,"stat.drop.minecraft.chainmail_chestplate":1,"stat.timeSinceDeath":34405,"stat.drop.minecraft.spider_eye":9,"stat.pickup.ebwizardry.arcane_workbench":3,"stat.craftItem.minecraft.iron_block":3,"stat.craftItem.ebwizardry.magic_crystal":30,"stat.pickup.minecraft.chainmail_helmet":1,"stat.pickup.minecraft.nether_wart":11,"stat.mineBlock.minecraft.coal_ore":134,"stat.killEntity.Creeper":15,"stat.pickup.minecraft.shield":5,"stat.pickup.minecraft.string":214,"stat.craftItem.ebwizardry.spell_book":1,"stat.pickup.ebwizardry.magic_wand":4,"stat.pickup.tektopia.structure_townhall":5,"stat.pickup.tombstone.crafting_ingredient":37,"stat.useItem.minecraft.written_book":6,"stat.sprintOneCm":2406047,"stat.killEntity.ebwizardry:evil_wizard":7,"stat.useItem.carryon.tile_item":11,"stat.useItem.minecraft.snowball":62,"stat.pickup.minecraft.leather_leggings":3,"stat.craftItem.iceandfire.armor_gray_helmet":3,"stat.pickup.ebwizardry.ruined_spell_book":2,"stat.killEntity.Zombie":145,"stat.pickup.minecraft.snowball":119,"stat.craftItem.minecraft.dye":4,"stat.pickup.iceandfire.chared_dirt":21,"stat.mineBlock.minecraft.gold_ore":16,"stat.diveOneCm":210573,"stat.pickup.minecraft.wheat":23,"stat.entityKilledBy.seaserpent":2,"stat.pickup.iceandfire.dragonscales_bronze":104,"stat.pickup.minecraft.sign":1,"stat.craftItem.minecraft.cooked_porkchop":63,"stat.craftItem.tombstone.decorative_grave_simple":3,"stat.pickup.minecraft.obsidian":14,"stat.pickup.iceandfire.frozen_dirt":1,"stat.useItem.minecraft.rotten_flesh":3,"stat.jump":26447,"stat.pickup.minecraft.coal":256,"stat.pickup.minecraft.iron_ingot":44,"stat.drop.iceandfire.dragonbone_sword_ice":1,"stat.drop.minecraft.diamond_sword":1,"stat.pickup.minecraft.gunpowder":29,"stat.craftItem.minecraft.torch":88,"stat.pickup.minecraft.dirt":267,"stat.craftItem.iceandfire.armor_bronze_leggings":3,"stat.pickup.iceandfire.fire_dragon_heart":10,"stat.pickup.minecraft.stone_shovel":1,"stat.pickup.minecraft.gold_ore":16,"stat.useItem.minecraft.sapling":18,"stat.mineBlock.minecraft.lapis_ore":4,"stat.pickup.minecraft.iron_axe":9,"tombstone:sneak_grave":2,"stat.damageTaken":26863,"stat.pickup.ebwizardry.scroll":9,"stat.mineBlock.minecraft.torch":7,"stat.pickup.minecraft.written_book":1,"stat.mineBlock.minecraft.red_flower":5,"stat.tradedWithVillager":1,"stat.pickup.minecraft.ender_eye":12,"stat.pickup.ebwizardry.crystal_flower":20,"stat.pickup.minecraft.bed":2,"stat.killEntity.hippogryph":1,"stat.pickup.minecraft.quartz_block":10,"stat.pickup.minecraft.potato":2,"stat.entityKilledBy.Zombie":4,"stat.pickup.iceandfire.chared_grass":5,"stat.killEntity.Silverfish":2,"stat.useItem.minecraft.chest":10,"stat.pickup.minecraft.diamond_pickaxe":1,"stat.killEntity.ebwizardry:ice_wraith":1,"stat.useItem.tombstone.gift":4,"stat.useItem.minecraft.item_frame":1,"stat.pickup.iceandfire.dragonscales_blue":8,"stat.craftItem.minecraft.iron_chestplate":1,"stat.entityKilledBy.icedragon":3,"stat.pickup.minecraft.ender_pearl":25,"stat.pickup.minecraft.cooked_beef":2,"stat.killEntity.Stray":8,"stat.useItem.iceandfire.chared_grass":1,"stat.pickup.mutantbeasts.hulk_hammer":7,"stat.craftItem.travelersbackpack.sleeping_bag_bottom":1,"stat.craftItem.minecraft.bookshelf":20,"stat.mineBlock.minecraft.stonebrick":22,"stat.mobKills":580,"stat.pickup.minecraft.diamond_boots":2,"stat.mineBlock.minecraft.bookshelf":37,"stat.drop.minecraft.written_book":1,"stat.useItem.minecraft.boat":1,"stat.useItem.minecraft.mossy_cobblestone":2,"stat.pickup.minecraft.diamond":7,"stat.pickup.iceandfire.armor_gray_helmet":2,"stat.pickup.minecraft.torch":17,"stat.killEntity.ebwizardry:remnant":16,"stat.killEntity.firedragon":8,"stat.craftItem.tombstone.book_of_disenchantment":3,"stat.useItem.iceandfire.fire_dragon_flesh":1,"stat.mineBlock.ebwizardry.crystal_flower":22,"stat.useItem.minecraft.bookshelf":19,"stat.craftItem.minecraft.iron_axe":3,"stat.killEntity.Blaze":1,"stat.killEntity.mutantbeasts.mutant_skeleton":2,"stat.useItem.tombstone.decorative_grave_simple":2,"stat.useItem.minecraft.planks":268,"stat.pickup.minecraft.golden_boots":1,"stat.pickup.minecraft.porkchop":73,"stat.mineBlock.minecraft.stone_brick_stairs":5,"stat.pickup.minecraft.sand":43,"stat.craftItem.minecraft.golden_apple":2,"stat.drop.minecraft.golden_leggings":1,"stat.entityKilledBy.Spider":1,"stat.entityKilledBy.cyclops":3,"stat.killEntity.icedragon":1,"stat.pickup.ebwizardry.spectral_dust":14,"stat.entityKilledBy.firedragon":13,"stat.pickup.minecraft.chainmail_chestplate":1,"stat.mineBlock.minecraft.sand":41,"stat.pickup.iceandfire.ash":5,"stat.craftItem.spartanshields.shield_basic_wood":3,"stat.craftItem.iceandfire.dragonbone_sword_ice":2,"stat.useItem.iceandfire.dragonbone_sword_ice":945,"stat.trappedChestTriggered":1,"stat.pickup.iceandfire.dragon_skull":9,"stat.mineBlock.futuremc.cornflower":6,"stat.mineBlock.ebwizardry.runestone":2,"stat.useItem.minecraft.cooked_mutton":35,"stat.pickup.minecraft.furnace":15,"stat.craftItem.travelersbackpack.travelers_backpack":1,"stat.pickup.minecraft.iron_chestplate":5,"stat.pickup.minecraft.skull":1,"stat.pickup.tombstone.magic_scroll":9,"stat.mineBlock.iceandfire.ash":6,"stat.entityKilledBy.mutantbeasts.mutant_skeleton":3,"stat.pickup.minecraft.stone_stairs":2,"stat.pickup.futuremc.lily_of_the_valley":2,"stat.drop.minecraft.snowball":62,"stat.playOneMinute":698542,"stat.drop.minecraft.string":7,"stat.pickup.minecraft.iron_bars":18,"stat.pickup.minecraft.netherrack":4,"stat.craftItem.minecraft.carpet":3,"stat.mineBlock.minecraft.ice":1,"stat.craftItem.iceandfire.dragonbone_sword":2,"stat.pickup.spartanweaponry.battleaxe_iron":1,"stat.craftItem.minecraft.iron_hoe":1,"stat.fallOneCm":450926,"stat.craftItem.tombstone.dark_marble":12,"stat.craftItem.minecraft.chest":17,"stat.mineBlock.minecraft.lever":1,"stat.pickup.minecraft.golden_leggings":1,"stat.pickup.minecraft.feather":21,"stat.drop.minecraft.iron_leggings":4,"stat.mineBlock.minecraft.red_nether_brick":6,"stat.useItem.minecraft.furnace":11,"stat.pickup.iceandfire.dragonscales_red":45,"stat.pickup.minecraft.iron_leggings":10,"stat.mineBlock.minecraft.gravel":2,"stat.useItem.minecraft.stone_pickaxe":122,"stat.craftItem.minecraft.iron_leggings":2,"stat.craftItem.iceandfire.armor_gray_boots":3,"stat.craftItem.minecraft.oak_stairs":8,"stat.pickup.minecraft.chainmail_boots":3,"stat.useItem.minecraft.iron_bars":9,"stat.drop.minecraft.iron_axe":1,"stat.mineBlock.minecraft.monster_egg":1,"stat.useItem.minecraft.torch":156,"stat.pickup.minecraft.crafting_table":5,"stat.drop.minecraft.tallgrass":1,"stat.craftItem.minecraft.crafting_table":3,"stat.craftItem.minecraft.boat":1,"stat.mineBlock.ebwizardry.crystal_ore":32,"stat.mineBlock.minecraft.emerald_ore":4,"stat.pickup.minecraft.log":271,"stat.useItem.minecraft.cooked_fish":14,"stat.drop.minecraft.sign":1,"stat.pickup.minecraft.tallgrass":1,"stat.pickup.minecraft.sapling":171,"stat.pickup.minecraft.wooden_door":2,"stat.entityKilledBy.Enderman":1,"stat.pickup.iceandfire.dragonscales_gray":72,"stat.pickup.iceandfire.armor_gray_boots":2,"stat.drop.minecraft.bow":2,"stat.mineBlock.iceandfire.goldpile":209,"stat.killEntity.WitherSkeleton":6,"stat.craftItem.minecraft.cooked_chicken":18,"stat.killEntity.mutantbeasts.mutant_enderman":3,"stat.sneakTime":33134,"stat.useItem.minecraft.baked_potato":5,"stat.pickup.minecraft.yellow_flower":5,"stat.mineBlock.minecraft.jukebox":1,"stat.pickup.iceandfire.dragonbone_sword_ice":4,"stat.drop.minecraft.wooden_axe":1,"stat.pickup.minecraft.chest":4,"stat.craftItem.minecraft.enchanting_table":1,"stat.drop.minecraft.stone_pickaxe":1,"stat.pickup.minecraft.bone":120,"stat.useItem.minecraft.mushroom_stew":1,"stat.pickup.minecraft.stone_pressure_plate":2,"stat.pickup.minecraft.redstone_torch":2,"stat.swimOneCm":268868,"stat.climbOneCm":4750,"stat.entityKilledBy.mutantbeasts.mutant_zombie":6,"stat.useItem.minecraft.dirt":133,"stat.drop.minecraft.quartz":1,"stat.pickup.tektopia.structure_home2":3,"stat.entityKilledBy.mutantbeasts.mutant_enderman":2,"stat.craftItem.spartanshields.shield_basic_iron":3,"stat.pickup.minecraft.anvil":1,"stat.drop.minecraft.ender_pearl":4,"stat.craftItem.minecraft.stone_pickaxe":2,"stat.pickup.minecraft.cobblestone":343,"stat.mineBlock.minecraft.carpet":1,"stat.pickup.minecraft.glass_bottle":1,"stat.drop.minecraft.wheat_seeds":18,"stat.useItem.minecraft.cooked_beef":47,"stat.pickup.minecraft.redstone":25,"stat.mineBlock.minecraft.iron_ore":95,"stat.pickup.minecraft.mutton":30,"stat.pickup.minecraft.mossy_cobblestone":5,"stat.mineBlock.ebwizardry.arcane_workbench":3,"stat.useItem.iceandfire.ash":2,"stat.pickup.minecraft.wooden_axe":1,"stat.pickup.minecraft.stonebrick":21,"stat.drop.minecraft.dirt":5,"stat.useItem.minecraft.cooked_porkchop":65,"stat.pickup.ebwizardry.magic_crystal":121,"stat.pickup.minecraft.iron_shovel":1,"stat.mineBlock.minecraft.nether_brick":9,"stat.pickup.ebwizardry.smoke_bomb":1,"stat.craftItem.iceandfire.armor_red_chestplate":1,"stat.craftItem.minecraft.stone_slab2":0,"stat.killEntity.mutantbeasts.mutant_zombie":7,"stat.pickup.minecraft.paper":1,"stat.craftItem.minecraft.stick":68,"stat.craftItem.minecraft.stone":26,"stat.pickup.minecraft.grass":5,"stat.mineBlock.minecraft.crafting_table":5,"stat.mineBlock.minecraft.quartz_block":26,"stat.useItem.minecraft.diamond_pickaxe":28,"stat.craftItem.iceandfire.armor_gray_chestplate":1,"stat.pickup.minecraft.diamond_chestplate":1,"stat.pickup.tektopia.prof_farmer":7,"stat.killEntity.ebwizardry:wizard":1,"stat.mineBlock.minecraft.planks":30,"stat.drop":87,"stat.pickup.minecraft.jukebox":1,"stat.killEntity.Sheep":10,"stat.entityKilledBy.mutantbeasts.mutant_creeper":1,"stat.pickup.minecraft.golden_chestplate":3,"stat.drop.minecraft.wooden_pickaxe":1,"stat.pickup.minecraft.gravel":21,"stat.mineBlock.minecraft.anvil":1,"stat.useItem.minecraft.potion":3,"stat.pickup.minecraft.diamond_sword":1,"stat.craftItem.travelersbackpack.backpack_tank":2,"stat.pickup.minecraft.iron_helmet":2,"stat.pickup.ebwizardry.wizard_robe_ice":1,"stat.craftItem.minecraft.bread":7,"stat.pickup.ebwizardry.poison_bomb":3,"stat.pickup.minecraft.spider_eye":35,"stat.drop.spartanshields.shield_basic_iron":1,"stat.useItem.minecraft.cooked_chicken":13,"stat.pickup.minecraft.iron_ore":97,"stat.pickup.iceandfire.shiny_scales":4,"stat.boatOneCm":41954,"stat.mineBlock.minecraft.iron_bars":23,"stat.killEntity.mutantbeasts.mutant_creeper":2,"stat.mineBlock.minecraft.stone_stairs":2,"stat.pickup.minecraft.leather":49,"stat.mineBlock.minecraft.furnace":14,"stat.useItem.minecraft.wooden_pickaxe":21,"stat.drop.iceandfire.armor_bronze_chestplate":1,"stat.pickup.minecraft.prismarine_crystals":1,"stat.pickup.minecraft.reeds":15,"stat.killEntity.CaveSpider":9,"tombstone:undead_killed":285,"stat.useItem.tombstone.grave_key":1,"stat.damageDealt":149704,"stat.craftItem.minecraft.glass":41,"stat.sleepInBed":3,"stat.craftItem.minecraft.anvil":1,"stat.mineBlock.minecraft.nether_brick_stairs":1,"stat.killEntity.Cow":20,"stat.killEntity.Pig":32,"stat.craftItem.minecraft.iron_sword":3,"stat.pickup.minecraft.boat":1,"stat.walkOneCm":1642961,"stat.playerKills":1,"stat.drop.iceandfire.armor_gray_chestplate":1,"stat.pickup.minecraft.stick":4,"stat.drop.minecraft.iron_chestplate":1,"stat.pickup.minecraft.stone":15,"stat.killEntity.Skeleton":95,"stat.pickup.ebwizardry.crystal_shard":2,"stat.killEntity.Chicken":19,"stat.killEntity.Spider":93,"stat.mineBlock.minecraft.quartz_ore":2,"stat.pickup.ebwizardry.runestone":2,"stat.pickup.minecraft.quartz":3,"stat.pickup.iceandfire.armor_red_leggings":1,"stat.useItem.minecraft.golden_apple":1,"stat.mineBlock.minecraft.leaves":41,"stat.mineBlock.minecraft.redstone_ore":6,"stat.mineBlock.minecraft.stone":222}