{"stat.drop.minecraft.stone_pickaxe":1,"stat.cakeSlicesEaten":5,"stat.useItem.minecraft.bow":1,"stat.pickup.minecraft.bone":100,"stat.useItem.minecraft.mushroom_stew":1,"stat.craftItem.iceandfire.armor_bronze_chestplate":3,"stat.pickup.iceandfire.fire_dragon_flesh":16,"stat.pickup.minecraft.stone_pressure_plate":2,"stat.pickup.iceandfire.ice_dragon_blood":1,"stat.pickup.minecraft.redstone_torch":2,"stat.useItem.minecraft.iron_axe":242,"stat.leaveGame":3,"stat.mineBlock.ebwizardry.crystal_flower":17,"stat.mineBlock.minecraft.cobblestone":13,"stat.pickup.minecraft.stone_pickaxe":1,"stat.pickup.iceandfire.ice_dragon_heart":1,"stat.mineBlock.minecraft.yellow_flower":5,"stat.craftItem.minecraft.iron_axe":2,"stat.pickup.minecraft.leather_chestplate":2,"stat.killEntity.Blaze":1,"stat.pickup.ebwizardry.spell_book":5,"stat.swimOneCm":123652,"stat.useItem.minecraft.planks":8,"stat.climbOneCm":1553,"stat.mineBlock.minecraft.web":99,"stat.drop.minecraft.cobblestone":48,"stat.pickup.minecraft.golden_boots":1,"stat.pickup.spartanshields.shield_basic_iron":2,"stat.pickup.minecraft.cooked_porkchop":7,"stat.pickup.minecraft.porkchop":28,"stat.entityKilledBy.mutantbeasts.mutant_zombie":5,"stat.useItem.minecraft.dirt":33,"stat.useItem.minecraft.cookie":1,"stat.drop.minecraft.quartz":1,"stat.useItem.minecraft.stone_slab2":83,"stat.pickup.minecraft.bow":5,"stat.pickup.minecraft.iron_boots":1,"stat.mineBlock.minecraft.stone_brick_stairs":5,"stat.pickup.minecraft.rotten_flesh":103,"stat.pickup.minecraft.sand":2,"stat.pickup.iceandfire.armor_bronze_chestplate":1,"stat.craftItem.minecraft.furnace":5,"stat.drop.minecraft.golden_leggings":1,"stat.entityKilledBy.Spider":1,"stat.entityKilledBy.mutantbeasts.mutant_enderman":1,"stat.useItem.minecraft.egg":4,"stat.craftItem.spartanshields.shield_basic_iron":3,"stat.pickup.minecraft.nether_wart_block":1,"stat.pickup.iceandfire.witherbone":3,"stat.drop.minecraft.ender_pearl":4,"stat.pickup.iceandfire.chain_link":1,"stat.craftItem.minecraft.stone_pickaxe":2,"stat.killEntity.Enderman":2,"stat.mineBlock.minecraft.obsidian":14,"stat.pickup.minecraft.cobblestone":221,"stat.entityKilledBy.cyclops":2,"stat.pickup.minecraft.leather_boots":4,"stat.killEntity.icedragon":1,"stat.flyOneCm":1235100,"stat.pickup.ebwizardry.spectral_dust":2,"stat.drop.minecraft.iron_helmet":1,"stat.pickup.minecraft.glass_bottle":1,"stat.entityKilledBy.firedragon":13,"stat.pickup.minecraft.chainmail_chestplate":1,"stat.pickup.minecraft.nether_brick_stairs":2,"stat.pickup.iceandfire.ash":1,"stat.killEntity.Witch":1,"stat.drop.minecraft.wheat_seeds":17,"stat.useItem.minecraft.cooked_beef":15,"stat.drop.minecraft.chainmail_chestplate":1,"stat.pickup.minecraft.redstone":24,"stat.mineBlock.minecraft.iron_ore":95,"stat.timeSinceDeath":103888,"stat.craftItem.spartanshields.shield_basic_wood":3,"stat.craftItem.iceandfire.dragonbone_sword_ice":1,"stat.useItem.minecraft.iron_pickaxe":436,"stat.drop.minecraft.ender_eye":4,"stat.pickup.minecraft.stained_hardened_clay":1,"stat.craftItem.minecraft.wooden_pickaxe":1,"stat.drop.minecraft.spider_eye":3,"stat.pickup.minecraft.mutton":23,"stat.pickup.minecraft.mossy_cobblestone":5,"stat.mineBlock.ebwizardry.arcane_workbench":1,"stat.pickup.ebwizardry.arcane_workbench":1,"stat.craftItem.minecraft.iron_block":3,"stat.pickup.minecraft.double_plant":2,"stat.craftItem.ebwizardry.magic_crystal":30,"stat.craftItem.minecraft.bed":1,"stat.useItem.iceandfire.dragonbone_sword_ice":629,"stat.trappedChestTriggered":1,"stat.mineBlock.minecraft.vine":1,"stat.pickup.minecraft.chainmail_helmet":1,"stat.pickup.iceandfire.armor_bronze_leggings":1,"stat.pickup.minecraft.nether_wart":11,"stat.pickup.minecraft.stonebrick":19,"stat.furnaceInteraction":106,"stat.drop.minecraft.dirt":5,"stat.useItem.minecraft.cooked_porkchop":31,"stat.pickup.ebwizardry.magic_crystal":81,"stat.pickup.minecraft.iron_shovel":1,"stat.killEntity.ZombieVillager":5,"stat.pickup.iceandfire.dragon_skull":3,"stat.mineBlock.minecraft.coal_ore":134,"stat.mineBlock.minecraft.nether_brick":9,"stat.pickup.ebwizardry.smoke_bomb":1,"stat.killEntity.Creeper":10,"stat.pickup.minecraft.shield":5,"stat.pickup.minecraft.nether_brick":11,"stat.pickup.minecraft.string":181,"stat.craftItem.ebwizardry.spell_book":1,"stat.pickup.ebwizardry.magic_wand":3,"stat.mineBlock.ebwizardry.runestone":1,"stat.pickup.minecraft.beef":7,"stat.useItem.minecraft.cooked_mutton":30,"stat.pickup.minecraft.furnace":13,"stat.pickup.tombstone.crafting_ingredient":29,"stat.craftItem.minecraft.stone_slab2":0,"stat.useItem.minecraft.written_book":1,"stat.pickup.minecraft.leather_helmet":1,"stat.killEntity.mutantbeasts.mutant_zombie":3,"stat.mineBlock.minecraft.stained_hardened_clay":1,"stat.sprintOneCm":1196874,"stat.pickup.minecraft.iron_chestplate":5,"stat.pickup.minecraft.skull":1,"stat.craftItem.minecraft.stick":44,"stat.pickup.tombstone.magic_scroll":8,"stat.killEntity.ebwizardry:evil_wizard":2,"stat.mineBlock.iceandfire.ash":2,"stat.entityKilledBy.mutantbeasts.mutant_skeleton":1,"stat.useItem.carryon.tile_item":11,"stat.pickup.minecraft.stone_stairs":1,"stat.pickup.minecraft.potion":1,"stat.useItem.minecraft.snowball":62,"stat.craftItem.ebwizardry.magic_wand":1,"stat.pickup.minecraft.grass":2,"stat.useItem.minecraft.wheat_seeds":24,"stat.mineBlock.minecraft.crafting_table":5,"stat.mineBlock.minecraft.quartz_block":25,"stat.useItem.minecraft.diamond_pickaxe":14,"stat.drop.minecraft.snowball":62,"stat.pickup.minecraft.emerald":3,"stat.pickup.minecraft.diamond_chestplate":1,"stat.pickup.minecraft.leather_leggings":3,"stat.craftItem.iceandfire.armor_gray_helmet":1,"stat.pickup.minecraft.lever":1,"stat.deaths":39,"stat.mineBlock.minecraft.planks":2,"stat.drop":53,"stat.pickup.minecraft.egg":4,"stat.playOneMinute":326036,"stat.pickup.ebwizardry.ruined_spell_book":1,"stat.mineBlock.minecraft.stone_pressure_plate":2,"stat.drop.minecraft.string":5,"stat.drop.iceandfire.silver_nugget":6,"stat.killEntity.Sheep":10,"stat.useItem.minecraft.nether_brick":5,"stat.craftItem.minecraft.iron_pickaxe":2,"stat.pickup.minecraft.golden_chestplate":3,"stat.killEntity.Zombie":85,"stat.pickup.minecraft.snowball":119,"stat.pickup.minecraft.iron_bars":6,"stat.pickup.iceandfire.chared_dirt":1,"stat.drop.minecraft.glass_bottle":1,"stat.mineBlock.minecraft.gold_ore":16,"stat.craftItem.minecraft.cooked_mutton":20,"stat.mineBlock.minecraft.tallgrass":10,"stat.pickup.minecraft.netherrack":4,"stat.diveOneCm":166854,"stat.pickup.minecraft.cooked_mutton":4,"stat.pickup.minecraft.wheat":23,"stat.chestOpened":301,"stat.entityKilledBy.seaserpent":2,"stat.pickup.iceandfire.dragonscales_bronze":81,"stat.useItem.minecraft.stone":8,"stat.drop.minecraft.wooden_pickaxe":1,"stat.pickup.minecraft.gravel":17,"stat.pickup.minecraft.arrow":86,"stat.craftItem.minecraft.cooked_porkchop":26,"stat.mineBlock.minecraft.ice":1,"stat.craftItem.iceandfire.dragonbone_sword":1,"stat.craftItem.iceandfire.armor_red_leggings":1,"stat.pickup.minecraft.obsidian":14,"stat.pickup.minecraft.gold_nugget":141,"stat.pickup.iceandfire.frozen_dirt":1,"stat.useItem.minecraft.potion":3,"stat.pickup.spartanweaponry.battleaxe_iron":1,"stat.useItem.minecraft.rotten_flesh":3,"stat.pickup.iceandfire.silver_nugget":70,"stat.pickup.minecraft.diamond_sword":1,"stat.jump":14098,"stat.pickup.minecraft.coal":256,"stat.pickup.minecraft.iron_helmet":2,"stat.pickup.minecraft.iron_ingot":43,"stat.fallOneCm":210094,"stat.drop.minecraft.diamond_sword":1,"stat.pickup.minecraft.gunpowder":14,"stat.craftItem.minecraft.bread":7,"stat.pickup.ebwizardry.poison_bomb":1,"stat.crouchOneCm":86724,"stat.mineBlock.minecraft.chest":3,"stat.pickup.minecraft.spider_eye":27,"stat.craftItem.minecraft.torch":88,"stat.craftItem.minecraft.iron_ingot":68,"stat.craftItem.minecraft.chest":8,"stat.pickup.minecraft.dirt":55,"stat.mineBlock.minecraft.lever":1,"stat.pickup.minecraft.golden_leggings":1,"stat.drop.spartanshields.shield_basic_iron":1,"stat.useItem.minecraft.cooked_chicken":12,"stat.craftingTableInteraction":34,"stat.pickup.minecraft.iron_ore":96,"stat.craftItem.iceandfire.armor_bronze_leggings":2,"stat.pickup.iceandfire.shiny_scales":4,"stat.pickup.iceandfire.fire_dragon_heart":4,"stat.pickup.minecraft.stone_shovel":1,"stat.boatOneCm":41954,"stat.pickup.minecraft.gold_ore":16,"stat.mineBlock.minecraft.iron_bars":11,"stat.mineBlock.minecraft.lapis_ore":4,"stat.pickup.iceandfire.ice_dragon_flesh":4,"stat.pickup.minecraft.iron_axe":7,"tombstone:sneak_grave":2,"stat.pickup.minecraft.wooden_pickaxe":1,"stat.mineBlock.minecraft.stone_stairs":1,"stat.damageTaken":16644,"stat.pickup.minecraft.leather":9,"stat.pickup.minecraft.feather":12,"stat.pickup.ebwizardry.scroll":9,"stat.drop.minecraft.iron_leggings":4,"stat.mineBlock.minecraft.red_nether_brick":6,"stat.mineBlock.minecraft.furnace":12,"stat.mineBlock.minecraft.torch":6,"stat.useItem.minecraft.wooden_pickaxe":21,"stat.useItem.minecraft.furnace":10,"stat.pickup.iceandfire.dragonscales_red":30,"stat.pickup.minecraft.ender_eye":8,"stat.pickup.ebwizardry.crystal_flower":15,"stat.drop.iceandfire.armor_bronze_chestplate":1,"stat.pickup.minecraft.dye":30,"stat.pickup.minecraft.planks":35,"stat.pickup.minecraft.prismarine_crystals":1,"stat.pickup.minecraft.reeds":13,"stat.pickup.minecraft.iron_leggings":10,"stat.killEntity.CaveSpider":9,"stat.killEntity.hippogryph":1,"tombstone:undead_killed":183,"stat.useItem.tombstone.grave_key":1,"stat.pickup.minecraft.wheat_seeds":58,"stat.pickup.minecraft.quartz_block":10,"stat.pickup.minecraft.potato":1,"stat.entityKilledBy.Zombie":4,"stat.mineBlock.minecraft.gravel":2,"stat.useItem.minecraft.stone_pickaxe":122,"stat.craftItem.minecraft.iron_leggings":2,"stat.damageDealt":72678,"stat.pickup.iceandfire.chared_grass":3,"stat.craftItem.iceandfire.armor_gray_boots":1,"stat.craftItem.minecraft.anvil":1,"stat.mineBlock.minecraft.nether_brick_stairs":1,"stat.killEntity.Silverfish":2,"stat.killEntity.Cow":3,"stat.mineBlock.minecraft.dirt":32,"stat.drop.mutantbeasts.hulk_hammer":3,"stat.killEntity.Pig":14,"stat.pickup.minecraft.chainmail_boots":3,"stat.craftItem.minecraft.iron_sword":2,"stat.useItem.minecraft.iron_bars":3,"stat.drop.minecraft.iron_axe":1,"stat.pickup.minecraft.boat":1,"stat.mineBlock.minecraft.monster_egg":1,"stat.walkOneCm":896092,"stat.useItem.minecraft.torch":130,"stat.useItem.minecraft.bread":10,"stat.useItem.minecraft.chest":5,"stat.playerKills":1,"stat.entityKilledBy.Stray":1,"stat.pickup.minecraft.diamond_pickaxe":1,"stat.drop.minecraft.rotten_flesh":39,"stat.pickup.minecraft.crafting_table":5,"stat.useItem.minecraft.cobblestone":64,"stat.craftItem.minecraft.crafting_table":3,"stat.killEntity.ebwizardry:ice_wraith":1,"stat.craftItem.minecraft.boat":1,"stat.mineBlock.ebwizardry.crystal_ore":32,"stat.mineBlock.minecraft.emerald_ore":3,"stat.pickup.minecraft.log":41,"stat.useItem.minecraft.cooked_fish":3,"stat.pickup.minecraft.iron_pickaxe":1,"stat.useItem.tombstone.gift":3,"stat.drop.minecraft.iron_chestplate":1,"stat.pickup.iceandfire.dragonscales_blue":8,"stat.pickup.minecraft.stone":12,"stat.craftItem.minecraft.iron_chestplate":1,"stat.drop.minecraft.sapling":1,"stat.pickup.minecraft.chicken":12,"stat.pickup.minecraft.tipped_arrow":4,"stat.entityKilledBy.icedragon":3,"stat.pickup.minecraft.ender_pearl":10,"stat.pickup.minecraft.sapling":2,"stat.entityKilledBy.Enderman":1,"stat.pickup.iceandfire.dragonscales_gray":39,"stat.pickup.iceandfire.armor_gray_boots":2,"stat.killEntity.Stray":8,"stat.pickup.mutantbeasts.hulk_hammer":4,"stat.killEntity.Skeleton":76,"stat.drop.minecraft.bow":2,"stat.mineBlock.iceandfire.goldpile":30,"stat.mineBlock.minecraft.stonebrick":20,"stat.craftItem.minecraft.planks":164,"stat.useItem.minecraft.iron_sword":611,"stat.killEntity.Chicken":12,"stat.pickup.futuremc.cornflower":3,"stat.drop.futuremc.cornflower":3,"stat.killEntity.Spider":72,"stat.killEntity.WitherSkeleton":6,"stat.mineBlock.minecraft.quartz_ore":2,"stat.pickup.ebwizardry.runestone":1,"stat.mobKills":343,"stat.pickup.minecraft.book":22,"stat.useItem.minecraft.stonebrick":4,"stat.pickup.minecraft.diamond_boots":2,"stat.mineBlock.minecraft.log":44,"stat.mineBlock.minecraft.bookshelf":8,"stat.pickup.minecraft.quartz":3,"stat.craftItem.minecraft.cooked_chicken":11,"stat.pickup.iceandfire.dragonbone":62,"stat.useItem.minecraft.boat":1,"stat.useItem.minecraft.mossy_cobblestone":2,"stat.killEntity.mutantbeasts.mutant_enderman":1,"stat.pickup.minecraft.diamond":1,"stat.pickup.minecraft.iron_door":1,"stat.mineBlock.minecraft.leaves":10,"stat.pickup.iceandfire.armor_gray_helmet":2,"stat.pickup.minecraft.torch":16,"stat.killEntity.ebwizardry:remnant":3,"stat.mineBlock.minecraft.redstone_ore":6,"stat.pickup.minecraft.red_nether_brick":5,"stat.sneakTime":20099,"stat.pickup.minecraft.wool":18,"stat.killEntity.firedragon":4,"stat.useItem.minecraft.baked_potato":5,"stat.killEntity.siren":1,"stat.pickup.minecraft.yellow_flower":5,"stat.mineBlock.minecraft.stone":147,"stat.pickup.iceandfire.dragonbone_sword_ice":2,"stat.pickup.minecraft.chest":2}