{"stat.chestOpened":1,"stat.pickup.minecraft.double_plant":2,"stat.walkOneCm":12065,"stat.leaveGame":2,"stat.damageTaken":10,"stat.mineBlock.minecraft.yellow_flower":5,"stat.flyOneCm":28509,"stat.pickup.minecraft.wheat_seeds":1,"stat.drop":1,"stat.jump":178,"stat.swimOneCm":222,"stat.playOneMinute":6876,"stat.fallOneCm":6130,"stat.drop.minecraft.wheat_seeds":1,"stat.sneakTime":101,"stat.crouchOneCm":596,"stat.timeSinceDeath":6876,"stat.useItem.minecraft.written_book":1,"stat.pickup.minecraft.dirt":8,"stat.useItem.minecraft.dirt":2,"stat.pickup.minecraft.yellow_flower":5,"stat.sprintOneCm":17851,"stat.mineBlock.minecraft.dirt":8,"stat.useItem.minecraft.stone_slab2":13}