{"stat.leaveGame":3,"stat.jump":118,"stat.pickup.minecraft.coal":4,"stat.fallOneCm":2324,"stat.pickup.minecraft.iron_ingot":1,"stat.useItem.minecraft.stone_axe":1,"stat.pickup.minecraft.porkchop":2,"stat.pickup.minecraft.dirt":6,"stat.useItem.minecraft.dirt":3,"stat.useItem.minecraft.stone_slab2":4,"stat.craftingTableInteraction":2,"stat.pickup.minecraft.rotten_flesh":2,"stat.craftItem.minecraft.furnace":1,"stat.craftItem.minecraft.stone_axe":1,"stat.pickup.minecraft.wooden_pickaxe":1,"stat.damageTaken":30,"stat.craftItem.minecraft.stone_pickaxe":1,"stat.useItem.minecraft.wooden_pickaxe":18,"stat.pickup.minecraft.cobblestone":18,"stat.useItem.minecraft.stone_shovel":1,"stat.craftItem.minecraft.stone_sword":1,"stat.flyOneCm":8377,"tombstone:undead_killed":1,"stat.useItem.minecraft.stone_pickaxe":4,"stat.useItem.minecraft.stone_sword":13,"stat.damageDealt":373,"stat.timeSinceDeath":5047,"stat.mineBlock.minecraft.dirt":6,"stat.craftItem.minecraft.wooden_pickaxe":1,"stat.pickup.minecraft.mutton":3,"stat.craftItem.minecraft.stone_shovel":1,"stat.walkOneCm":15309,"stat.pickup.minecraft.crafting_table":1,"stat.craftItem.minecraft.crafting_table":1,"stat.mineBlock.minecraft.coal_ore":4,"stat.pickup.minecraft.log":6,"stat.pickup.tombstone.crafting_ingredient":1,"stat.pickup.minecraft.sapling":1,"stat.sprintOneCm":7894,"stat.craftItem.minecraft.stick":12,"stat.craftItem.minecraft.planks":24,"stat.mineBlock.minecraft.crafting_table":1,"stat.pickup.minecraft.stone_sword":1,"stat.mobKills":3,"stat.mineBlock.minecraft.log":6,"stat.mineBlock.minecraft.leaves":3,"stat.playOneMinute":5047,"stat.killEntity.Sheep":2,"stat.pickup.minecraft.wool":2,"stat.killEntity.Zombie":1,"stat.mineBlock.minecraft.stone":18}