{"stat.chestOpened":26,"stat.pickup.minecraft.bone":11,"stat.useItem.minecraft.stone":1,"stat.drop.minecraft.wooden_pickaxe":1,"stat.leaveGame":1,"stat.mineBlock.minecraft.cobblestone":8,"stat.craftItem.minecraft.cooked_porkchop":10,"stat.pickup.minecraft.stone_axe":1,"stat.pickup.minecraft.obsidian":8,"stat.pickup.minecraft.gold_nugget":12,"stat.jump":1577,"stat.swimOneCm":20977,"stat.pickup.minecraft.coal":17,"stat.pickup.minecraft.iron_helmet":1,"stat.fallOneCm":49693,"stat.pickup.minecraft.iron_ingot":7,"stat.climbOneCm":100,"stat.useItem.minecraft.planks":6,"stat.useItem.minecraft.golden_shovel":1,"stat.drop.minecraft.feather":3,"stat.useItem.minecraft.stone_axe":73,"stat.drop.minecraft.stone_sword":2,"stat.pickup.minecraft.porkchop":11,"stat.crouchOneCm":2740,"stat.mineBlock.minecraft.chest":6,"stat.pickup.minecraft.rail":4,"stat.craftItem.minecraft.torch":4,"stat.useItem.minecraft.dirt":15,"stat.pickup.minecraft.dirt":18,"stat.useItem.minecraft.stone_slab2":21,"stat.pickup.minecraft.iron_boots":1,"stat.useItem.minecraft.cooked_chicken":3,"stat.drop.minecraft.iron_sword":1,"stat.craftingTableInteraction":14,"stat.pickup.minecraft.iron_ore":15,"stat.mineBlock.minecraft.stone_brick_stairs":3,"stat.drop.minecraft.milk_bucket":1,"stat.craftItem.minecraft.furnace":1,"stat.entityKilledBy.ebwizardry:evil_wizard":1,"stat.mineBlock.minecraft.iron_bars":6,"stat.craftItem.minecraft.stone_axe":1,"stat.mineBlock.minecraft.stone_stairs":1,"stat.damageTaken":1614,"stat.pickup.minecraft.feather":3,"stat.pickup.minecraft.leather":16,"stat.pickup.iceandfire.chared_cobblestone":3,"stat.pickup.iceandfire.chain_link":1,"stat.mineBlock.minecraft.red_nether_brick":1,"stat.craftItem.minecraft.stone_pickaxe":1,"stat.mineBlock.minecraft.torch":16,"stat.mineBlock.minecraft.furnace":1,"stat.useItem.minecraft.wooden_pickaxe":8,"stat.pickup.minecraft.cobblestone":33,"stat.mineBlock.minecraft.sapling":1,"stat.pickup.minecraft.iron_leggings":1,"stat.craftItem.minecraft.stone_sword":1,"stat.flyOneCm":326914,"tombstone:undead_killed":2,"stat.entityKilledBy.firedragon":1,"stat.pickup.minecraft.wheat_seeds":12,"stat.craftItem.minecraft.golden_axe":1,"stat.pickup.minecraft.potato":7,"stat.drop.iceandfire.chain_link":9,"stat.drop.minecraft.wheat_seeds":9,"stat.mineBlock.minecraft.gravel":1,"stat.useItem.minecraft.stone_pickaxe":83,"stat.useItem.minecraft.cooked_beef":1,"stat.useItem.minecraft.stone_sword":63,"stat.damageDealt":3891,"stat.pickup.iceandfire.chared_grass":1,"stat.mineBlock.minecraft.iron_ore":15,"stat.timeSinceDeath":48,"stat.killEntity.Cow":12,"stat.mineBlock.minecraft.dirt":22,"stat.useItem.minecraft.iron_pickaxe":19,"stat.craftItem.minecraft.wooden_pickaxe":1,"stat.killEntity.Pig":7,"stat.mineBlock.iceandfire.chared_dirt":1,"stat.pickup.minecraft.mutton":13,"stat.walkOneCm":164535,"stat.craftItem.minecraft.bed":1,"stat.useItem.minecraft.torch":16,"stat.drop.minecraft.rail":4,"stat.pickup.minecraft.stick":4,"stat.drop.minecraft.iron_bars":1,"stat.drop.minecraft.porkchop":1,"stat.pickup.minecraft.crafting_table":4,"stat.useItem.minecraft.cobblestone":15,"stat.furnaceInteraction":14,"stat.craftItem.minecraft.crafting_table":2,"stat.pickup.ebwizardry.amulet_lich":1,"stat.useItem.minecraft.cooked_porkchop":8,"stat.pickup.ebwizardry.magic_crystal":15,"stat.useItem.minecraft.lava_bucket":35,"stat.mineBlock.minecraft.coal_ore":12,"stat.useItem.spartanweaponry.battleaxe_iron":21,"stat.pickup.minecraft.log":11,"stat.pickup.iceandfire.manuscript":20,"stat.pickup.minecraft.beef":15,"stat.pickup.minecraft.furnace":1,"stat.craftItem.minecraft.stone_slab2":0,"stat.useItem.minecraft.golden_axe":14,"stat.pickup.minecraft.stone":3,"stat.pickup.minecraft.web":4,"stat.pickup.minecraft.chicken":3,"stat.drop.minecraft.gold_nugget":14,"stat.drop.minecraft.egg":4,"stat.sprintOneCm":206078,"stat.pickup.minecraft.cooked_beef":9,"stat.craftItem.minecraft.stick":12,"stat.pickup.minecraft.gold_ingot":17,"stat.killEntity.ebwizardry:evil_wizard":4,"stat.mineBlock.iceandfire.goldpile":14,"stat.craftItem.minecraft.bucket":2,"stat.mineBlock.minecraft.stonebrick":3,"stat.craftItem.minecraft.planks":44,"stat.killEntity.Chicken":3,"stat.pickup.futuremc.cornflower":5,"stat.mineBlock.minecraft.crafting_table":4,"stat.pickup.minecraft.stone_sword":1,"stat.mineBlock.minecraft.quartz_block":2,"stat.mobKills":43,"stat.pickup.minecraft.book":3,"stat.mineBlock.minecraft.log":12,"stat.mineBlock.minecraft.soul_sand":1,"stat.useItem.minecraft.bucket":36,"stat.craftItem.minecraft.cooked_chicken":3,"stat.drop.minecraft.written_book":1,"stat.deaths":4,"stat.craftItem.minecraft.golden_shovel":1,"stat.drop":19,"stat.pickup.minecraft.diamond":4,"stat.mineBlock.minecraft.leaves":3,"stat.pickup.minecraft.egg":4,"stat.playOneMinute":25678,"stat.pickup.minecraft.torch":14,"stat.killEntity.Sheep":9,"stat.pickup.minecraft.red_flower":2,"stat.useItem.iceandfire.chared_cobblestone":2,"stat.sneakTime":507,"stat.pickup.minecraft.wool":9,"stat.drop.minecraft.iron_boots":1,"stat.killEntity.Zombie":1,"stat.pickup.minecraft.iron_bars":3,"stat.mineBlock.minecraft.stone":29,"stat.mineBlock.minecraft.tallgrass":9,"stat.diveOneCm":6497,"stat.pickup.minecraft.chest":4}